Номер указания,Продукция (ввоз)
ФС-АРэ-7/3379-3,живой птицы и инкубационного яйца
ФС-АРэ-7/3379-3,"мяса птицы, готовой мясной продукции из птицы и всех видов птицеводческой продукции, содержащей в своем составе продукты переработки птицы"
ФС-АРэ-7/3379-3,кормов и кормовых добавок для птиц
ФС-АРэ-7/3379-3,"бывшего в употреблении оборудования для содержания, убоя и разделки птиц"
ФС-АРэ-7/3379-3,транзит живой птицы с упомянутой территории по территории России
ФС-АРэ-7/3382-3,"живые свиньи, эмбрионы свиней и сперма хряков, продукты убоя свиней, мясо свинины и продукция, содержащая мясо свинины, за исключением видов продукции, прошедших обработку по технологии, гарантирующей разрушение вируса АЧС в соответствии с положениями Главы 15.1 кодекса здоровья наземных животных МЭБ: готовой продукции из свинины"
ФС-АРэ-7/3382-3,"готовой продукции, содержащей в своем составе свинину или сырье животного происхождения (из свинины)"
ФС-АРэ-7/3382-3,"сырья животного происхождения (из свинины), предназначенного для производства кормов для непродуктивных животных и пушных"
ФС-АРэ-7/3394-3,"живые свиньи, эмбрионы свиней и сперма хряков, продукты убоя свиней, мясо свинины и продукция, содержащая мясо свинины, за исключением видов продукции, прошедших обработку по технологии, гарантирующей разрушение вируса АЧС в соответствии с положениями Главы 15.1 кодекса здоровья наземных животных МЭБ: готовой продукции из свинины"
ФС-АРэ-7/3394-3,"готовой продукции, содержащей в своем составе свинину или сырье животного происхождения (из свинины)"
ФС-АРэ-7/3394-3,"сырья животного происхождения (из свинины), предназначенного для производства кормов для непродуктивных животных и пушных"
ФС-АРэ-7/3418-3,"живые свиньи, эмбрионы свиней и сперма хряков, продукты убоя свиней, мясо свинины и продукция, содержащая мясо свинины, за исключением видов продукции, прошедших обработку по технологии, гарантирующей разрушение вируса АЧС в соответствии с положениями Главы 15.1 кодекса здоровья наземных животных МЭБ: готовой продукции из свинины"
ФС-АРэ-7/3418-3,"готовой продукции, содержащей в своем составе свинину или сырье животного происхождения (из свинины)"
ФС-АРэ-7/3418-3,"сырья животного происхождения (из свинины), предназначенного для производства кормов для непродуктивных животных и пушных"
ФС-АРэ-7/3425-3,"живые свиньи, эмбрионы свиней и сперма хряков, продукты убоя свиней, мясо свинины и продукция, содержащая мясо свинины, за исключением видов продукции, прошедших обработку по технологии, гарантирующей разрушение вируса АЧС в соответствии с положениями Главы 15.1 кодекса здоровья наземных животных МЭБ: готовой продукции из свинины"
ФС-АРэ-7/3425-3,"готовой продукции, содержащей в своем составе свинину или сырье животного происхождения (из свинины)"
ФС-АРэ-7/3425-3,"сырья животного происхождения (из свинины), предназначенного для производства кормов для непродуктивных животных и пушных"
ФС-АРэ-7/3426-3,восприимчивые к ящуру живых животные
ФС-АРэ-7/3426-3,"генетический материал (за исключением отобранных in vivo, в соответствии с положениями главы 8.8.17 Кодекса МЭБ)"
ФС-АРэ-7/3426-3,"сырое мясо и мясопродукция, не подвергнутая тепловой обработке, гарантирующей разрушение вируса ящура (в соответствии со статьей 8.8.31 кодекса МЭБ)"
ФС-АРэ-7/3426-3,"молоко и молочная продукция (не подвергнутые тепловой обработке, гарантирующей разрушение вируса ящура (в соответствии со статьей 8.8.35 Кодекса МЭБ)"
ФС-АРэ-7/3426-3,"шерсть, волосы, щетина, трофеи, кишечное сырье, шкуры и кожа, не обработанные по технологии, гарантирующей разрушение"
ФС-АРэ-7/3428-3,"живая птица, инкубационное яйцо, а также на транзит живой птицы, происходящей из указанных областей, по территории России"
ФС-АРэ-7/3447-3,"живая птица и инкубационное яйцо, мясо птицы и все виды птицеводческой продукции, не прошедшие тепловую обработку (не менее 70 ºС), корма и кормовые добавки для птиц, бывшее в употреблении оборудование для содержания, убоя и разделки птиц, а также транзит живой птицы по территории России"
ФС-АРэ-7/3452-3,"крупный и мелкий рогатый скот, дикие, зоопарковые и цирковые животные, восприимчивые к блютангу, верблюды и другие представители семейства верблюжьих (ламы, альпаки, викуньи), сперма быков, баранов и козлов-производителей, эмбрионы крупного и мелкого рогатого скота, за исключением полученных in vivo в соответствии с положениями главы 4.7. Кодекса здоровья наземных животных МЭБ, а также транзит по территории России крупного и мелкого рогатого скота и восприимчивых видов животных, происходящих с указанной территории"
ФС-АРэ-7/3477-3,"Живая птица и инкубационное яйцо, мясо птицы и все виды птицеводческой продукции, не прошедшие тепловую обработку (не менее 70 ºС), корма и кормовые добавки для птиц (за исключением кормовых добавок растительного происхождения, химического и микробиологического синтеза), а также бывшее в употреблении оборудование для содержания, убоя и разделки птиц"
ФС-АРэ-7/3478-3,живая птица и инкубационное яйцо
ФС-АРэ-7/3478-3,"мясо птицы и все виды птицеводческой продукции не прошедшие тепловую обработку (не менее 70ºС), за исключением товаров, подверженных обработке, обеспечивающей разрушение вирусов гриппа птиц, согласно положениям главы 10.4. Кодекса здоровья наземных животных МЭБ"
ФС-АРэ-7/3478-3,готовая продукция из птицы или содержащая в своём составе продукты переработки птицы
ФС-АРэ-7/3478-3,"корма и кормовые добавки для птиц (за исключением кормовых добавок растительного происхождения, химического и микробиологического синтеза), а также бывшее в употреблении обор"
ФС-АРэ-7/3479-3,"живые свиньи, эмбрионы свиней и сперма хряков, продукты убоя свиней, мясо свинины и продукция, содержащая мясо свинины, за исключением видов продукции, прошедших обработку по технологии, гарантирующей разрушение вируса АЧС в соответствии с положениями Главы 15.1 кодекса здоровья наземных животных МЭБ: готовой продукции из свинины"
ФС-АРэ-7/3479-3,"готовой продукции, содержащей в своем составе свинину или сырье животного происхождения (из свинины)"
ФС-АРэ-7/3479-3,"сырья животного происхождения (из свинины), предназначенного для производства кормов для непродуктивных животных и пушных"
ФС-АРэ-7/3505-3,"крупный и мелкий рогатый скот, дикие, зоопарковые и цирковые животные, восприимчивые к блютангу, верблюды и другие представители семейства верблюжьих (ламы, альпаки, викуньи), сперма быков, баранов и козлов-производителей, эмбрионы крупного и мелкого рогатого скота, за исключением полученных in vivo в соответствии с положениями главы 4.7. Кодекса здоровья наземных животных МЭБ."
ФС-АРэ-7/3514-3,живая птица и инкубационное яйцо
ФС-АРэ-7/3514-3,"мясо птицы, готовая мясная продукция из птицы и всех видов птицеводческой продукции"
ФС-АРэ-7/3514-3,корма и кормовые добавки для птиц
ФС-АРэ-7/3514-3,"бывшее в употреблении оборудование для содержания, убоя и разделки птиц."
ФС-АРэ-7/3542-3,живая птица и инкубационное яйцо
ФС-АРэ-7/3542-3,"мясо птицы, готовая мясная продукция из птицы и всех видов птицеводческой продукции, содержащей в своем составе продукты переработки птицы, за исключением товаров подверженных обработке, обеспечивающей разрушение вирусов гриппа птиц, согласно положениям Кодекса здоровья наземных животных МЭБ"
ФС-АРэ-7/3542-3,"корма и кормовые добавки для птиц (за исключением кормов и кормовых добавок растительного происхождения, химического и микробиологического синтеза)"
ФС-АРэ-7/3542-3,"бывшее в употреблении оборудование для содержания, убоя и разделки птиц."
ФС-АРэ-7/3548-3,живая птица и инкубационное яйцо
ФС-АРэ-7/3549-3,живая птица и инкубационное яйцо
ФС-АРэ-7/3549-3,"мясо птицы, готовая мясная продукция из птицы и всех видов птицеводческой продукции, содержащей в своем составе продукты переработки птицы, за исключением товаров подверженных обработке, обеспечивающей разрушение вирусов гриппа птиц, согласно положениям Кодекса здоровья наземных животных МЭБ"
ФС-АРэ-7/3549-3,"корма и кормовые добавки для птиц (за исключением кормов и кормовых добавок растительного происхождения, химического и микробиологического синтеза)"
ФС-АРэ-7/3549-3,"бывшее в употреблении оборудование для содержания, убоя и разделки птиц."
ФС-АРэ-7/3550-3,живая птица и инкубационное яйцо
ФС-АРэ-7/3550-3,"мясо птицы, готовой мясной продукции из птицы и всех видов птицеводческой продукции, содержащей в своем составе продукты переработки птицы, за исключением товаров подверженных обработке, обеспечивающей разрушение вирусов гриппа птиц, согласно положениям Кодекса здоровья наземных животных МЭБ"
ФС-АРэ-7/3550-3,"корма и кормовые добавки для птиц (за исключением кормов и кормовых добавок растительного происхождения, химического и микробиологического синтеза)"
ФС-АРэ-7/3550-3,"бывшее в употреблении оборудование для содержания, убоя и разделки птиц"
ФС-АРэ-7/3556-3,живая птица и инкубационное яйцо
ФС-АРэ-7/3556-3,"мясо птицы и все виды птицеводческой продукции не прошедшие тепловую обработку (не менее 70ºС), за исключением товаров, подверженных обработке, обеспечивающей разрушение вирусов гриппа птиц, согласно положениям главы 10.4. Кодекса здоровья наземных животных МЭБ"
ФС-АРэ-7/3556-3,готовая продукция из птицы или содержащая в своём составе продукты переработки птицы
ФС-АРэ-7/3556-3,"корма и кормовые добавки для птиц (за исключением кормовых добавок растительного происхождения, химического и микробиологического синтеза), а также бывшее в употреблении обор"
ФС-АРэ-7/3562-3,живая птица и инкубационное яйцо
ФС-АРэ-7/3562-3,"мясо птицы, готовая мясная продукция из птицы и всех видов птицеводческой продукции, содержащей в своем составе продукты переработки птицы, за исключением товаров подверженных обработке, обеспечивающей разрушение вирусов гриппа птиц, согласно положениям Кодекса здоровья наземных животных МЭБ"
ФС-АРэ-7/3562-3,"корма и кормовые добавки для птиц (за исключением кормов и кормовых добавок растительного происхождения, химического и микробиологического синтеза)"
ФС-АРэ-7/3562-3,"бывшее в употреблении оборудования для содержания, убоя и разделки птиц"
ФС-АРэ-7/3564-3,живая птица и инкубационное яйцо
ФС-АРэ-7/3564-3,"мясо птицы, готовая мясная продукция из птицы и всех видов птицеводческой продукции, содержащей в своем составе продукты переработки птицы, за исключением товаров подверженных обработке, обеспечивающей разрушение вирусов гриппа птиц, согласно положениям Кодекса здоровья наземных животных МЭБ"
ФС-АРэ-7/3564-3,"корма и кормовые добавки для птиц (за исключением кормов и кормовых добавок растительного происхождения, химического и микробиологического синтеза)"
ФС-АРэ-7/3564-3,"бывшее в употреблении оборудование для содержания, убоя и разделки птиц"
ФС-АРэ-7/3568-3,живая птица и инкубационное яйцо
ФС-АРэ-7/3568-3,"мясо птицы, готовая мясная продукция из  птицы и всех видов птицеводческой продукции, содержащей в своем составе  продукты переработки птицы, за исключением товаров подверженных обработке, обеспечивающей разрушение вирусов гриппа птиц, согласно положениям Кодекса здоровья наземных животных МЭБ"
ФС-АРэ-7/3568-3,"корма и кормовые добавки для птиц (за исключением кормов и кормовых добавок растительного происхождения, химического и микробиологического синтеза)"
ФС-АРэ-7/3568-3,"бывшее в употреблении оборудование для содержания, убоя и разделки птиц"
ФС-АРэ-7/3570-3,живая птица и инкубационное яйцо
ФС-АРэ-7/3570-3,"мясо птицы, готовая мясная продукция из птицы и всех видов птицеводческой продукции, содержащей в своем составе продукты переработки птицы, за исключением товаров подверженных обработке, обеспечивающей разрушение вирусов гриппа птиц, согласно положениям Кодекса здоровья наземных животных МЭБ"
ФС-АРэ-7/3570-3,"корма и кормовые добавки для птиц (за исключением кормов и кормовых добавок растительного происхождения, химического и микробиологического синтеза)"
ФС-АРэ-7/3570-3,"бывшее в употреблении оборудование для содержания, убоя и разделки птиц"
ФС-АРэ-7/3571-3,живая птица и инкубационное яйцо
ФС-АРэ-7/3571-3,"мясо птицы, готовая мясная продукция из птицы и всех видов птицеводческой продукции, содержащей в своем составе продукты переработки птицы, за исключением товаров подверженных обработке, обеспечивающей разрушение вирусов гриппа птиц, согласно положениям Кодекса здоровья наземных животных МЭБ"
ФС-АРэ-7/3571-3,"корма и кормовые добавки для птиц (за исключением кормов и кормовых добавок растительного происхождения, химического и микробиологического синтеза)"
ФС-АРэ-7/3571-3,"бывшее в употреблении оборудование для содержания, убоя и разделки птиц"
ФС-АРэ-7/3573-3,живая птица и инкубационное яйцо
ФС-АРэ-7/3573-3,"мясо птицы, готовая мясная продукция из птицы и всех видов птицеводческой продукции, содержащей в своем составе продукты переработки птицы, за исключением товаров подверженных обработке, обеспечивающей разрушение вирусов гриппа птиц, согласно положениям Кодекса здоровья наземных животных МЭБ"
ФС-АРэ-7/3573-3,"корма и кормовые добавки для птиц (за исключением кормов и кормовых добавок растительного происхождения, химического и микробиологического синтеза)"
ФС-АРэ-7/3573-3,"бывшее в употреблении оборудование для содержания, убоя и разделки птиц"
ФС-АРэ-7/3575-3,живая птица и инкубационное яйцо
ФС-АРэ-7/3575-3,"мясо птицы, готовая мясная продукция из птицы и всех видов птицеводческой продукции, содержащей в своем составе продукты переработки птицы, за исключением товаров подверженных обработке, обеспечивающей разрушение вирусов гриппа птиц, согласно положениям Кодекса здоровья наземных животных МЭБ"
ФС-АРэ-7/3575-3,"корма и кормовые добавки для птиц (за исключением кормов и кормовых добавок растительного происхождения, химического и микробиологического синтеза)"
ФС-АРэ-7/3575-3,"бывшее в употреблении оборудование для содержания, убоя и разделки птиц"
ФС-АРэ-7/3578-3,живая птица и инкубационное яйцо
ФС-АРэ-7/3578-3,"мясо птицы, готовая мясная продукция из птицы и всех видов птицеводческой продукции, содержащей в своем составе продукты переработки птицы, за исключением товаров подверженных обработке, обеспечивающей разрушение вирусов гриппа птиц, согласно положениям Кодекса здоровья наземных животных МЭБ"
ФС-АРэ-7/3578-3,"корма и кормовые добавки для птиц (за исключением кормов и кормовых добавок растительного происхождения, химического и микробиологического синтеза)"
ФС-АРэ-7/3578-3,"бывшее в употреблении оборудование для содержания, убоя и разделки птиц"
ФС-АРэ-7/3580-3,живая птица и инкубационное яйцо
ФС-АРэ-7/3580-3,"мясо птицы, готовая мясная продукция из птицы и всех видов птицеводческой продукции, содержащей в своем составе продукты переработки птицы, за исключением товаров подверженных обработке, обеспечивающей разрушение вирусов гриппа птиц, согласно положениям Кодекса здоровья наземных животных МЭБ"
ФС-АРэ-7/3580-3,"корма и кормовые добавки для птиц (за исключением кормов и кормовых добавок растительного происхождения, химического и микробиологического синтеза)"
ФС-АРэ-7/3580-3,"бывшее в употреблении оборудование для содержания, убоя и разделки птиц."
ФС-АРэ-7/3587-3,живая птица и инкубационное яйцо
ФС-АРэ-7/3587-3,"мясо птицы, готовая мясная продукция из птицы и всех видов птицеводческой продукции, содержащей в своем составе продукты переработки птицы, за исключением товаров подверженных обработке, обеспечивающей разрушение вирусов гриппа птиц, согласно положениям Кодекса здоровья наземных животных МЭБ"
ФС-АРэ-7/3587-3,"корма и кормовые добавки для птиц (за исключением кормов и кормовых добавок растительного происхождения, химического и микробиологического синтеза)"
ФС-АРэ-7/3587-3,"бывшее в употреблении оборудование для содержания, убоя и разделки птиц"
ФС-АРэ-7/3589-3,"крупный и мелкий рогатый скот, дикие, зоопарковые и цирковые животные, восприимчивые к блютангу, верблюды и другие представители семейства верблюжьих (ламы, альпаки, викуньи), сперма быков, баранов и козлов-производителей, эмбрионы крупного и мелкого рогатого скота, за исключением полученных in vivo в соответствии с положениями главы 4.7. Кодекса здоровья наземных животных МЭБ"
ФС-АРэ-7/3591-3,живая птица и инкубационное яйцо
ФС-АРэ-7/3591-3,"мясо птицы, готовая мясная продукция из птицы и всех видов птицеводческой продукции, содержащей в своем составе продукты переработки птицы, за исключением товаров подверженных обработке, обеспечивающей разрушение вирусов гриппа птиц, согласно положениям Кодекса здоровья наземных животных МЭБ"
ФС-АРэ-7/3591-3,"корма и кормовые добавки для птиц (за исключением кормов и кормовых добавок растительного происхождения, химического и микробиологического синтеза)"
ФС-АРэ-7/3591-3,"бывшее в употреблении оборудование для содержания, убоя и разделки птиц.."
ФС-АРэ-7/3598-3,живая птица и инкубационное яйцо
ФС-АРэ-7/3598-3,"мясо птицы, готовая мясная продукция из птицы и всех видов птицеводческой продукции, содержащей в своем составе продукты переработки птицы, за исключением товаров подверженных обработке, обеспечивающей разрушение вирусов гриппа птиц, согласно положениям Кодекса здоровья наземных животных МЭБ"
ФС-АРэ-7/3598-3,"корма и кормовые добавки для птиц (за исключением кормов и кормовых добавок растительного происхождения, химического и микробиологического синтеза)"
ФС-АРэ-7/3598-3,"бывшее в употреблении оборудование для содержания, убоя и разделки птиц"
ФС-АРэ-7/3599-3,живая птица и инкубационное яйцо
ФС-АРэ-7/3599-3,"мясо птицы, готовая мясная продукция из птицы и всех видов птицеводческой продукции, содержащей в своем составе продукты переработки птицы, за исключением товаров подверженных обработке, обеспечивающей разрушение вирусов гриппа птиц, согласно положениям Кодекса здоровья наземных животных МЭБ"
ФС-АРэ-7/3599-3,"корма и кормовые добавки для птиц (за исключением кормов и кормовых добавок растительного происхождения, химического и микробиологического синтеза)"
ФС-АРэ-7/3599-3,"бывшее в употреблении оборудование для содержания, убоя и разделки птиц"
ФС-АРэ-7/3600-3,живая птица и инкубационное яйцо
ФС-АРэ-7/3612-3,живая птица и инкубационное яйцо
ФС-АРэ-7/3612-3,"мясо птицы, готовая мясная продукция из птицы и всех видов птицеводческой продукции, содержащей в своем составе продукты переработки птицы, за исключением товаров подверженных обработке, обеспечивающей разрушение вирусов гриппа птиц, согласно положениям Кодекса здоровья наземных животных МЭБ"
ФС-АРэ-7/3612-3,"корма и кормовые добавки для птиц (за исключением кормов и кормовых добавок растительного происхождения, химического и микробиологического синтеза)"
ФС-АРэ-7/3612-3,"бывшее в употреблении оборудование для содержания, убоя и разделки птиц"
ФС-АРэ-7/3613-3,живая птица и инкубационное яйцо
ФС-АРэ-7/3613-3,"мясо птицы, готовая мясная продукция из птицы и всех видов птицеводческой продукции, содержащей в своем составе продукты переработки птицы, за исключением товаров подверженных обработке, обеспечивающей разрушение вирусов гриппа птиц, согласно положениям Кодекса здоровья наземных животных МЭБ"
ФС-АРэ-7/3613-3,"корма и кормовые добавки для птиц (за исключением кормов и кормовых добавок растительного происхождения, химического и микробиологического синтеза)"
ФС-АРэ-7/3613-3,"бывшее в употреблении оборудование для содержания, убоя и разделки птиц"
ФС-АРэ-7/3614-3,живая птица и инкубационное яйцо
ФС-АРэ-7/3614-3,"мясо птицы, готовая мясная продукция из птицы и всех видов птицеводческой продукции, содержащей в своем составе продукты переработки птицы, за исключением товаров подверженных обработке, обеспечивающей разрушение вирусов гриппа птиц, согласно положениям Кодекса здоровья наземных животных МЭБ"
ФС-АРэ-7/3614-3,"корма и кормовые добавки для птиц (за исключением кормов и кормовых добавок растительного происхождения, химического и микробиологического синтеза)"
ФС-АРэ-7/3614-3,"бывшее в употреблении оборудование для содержания, убоя и разделки птиц"
ФС-АРэ-7/3615-3,живая птица и инкубационное яйцо
ФС-АРэ-7/3615-3,"мясо птицы, готовая мясная продукция из птицы и всех видов птицеводческой продукции, содержащей в своем составе продукты переработки птицы, за исключением товаров подверженных обработке, обеспечивающей разрушение вирусов гриппа птиц, согласно положениям Кодекса здоровья наземных животных МЭБ"
ФС-АРэ-7/3615-3,"корма и кормовые добавки для птиц (за исключением кормов и кормовых добавок растительного происхождения, химического и микробиологического синтеза)"
ФС-АРэ-7/3615-3,"бывшее в употреблении оборудование для содержания, убоя и разделки птиц"
ФС-АРэ-7/3616-3,живая птица и инкубационное яйцо
ФС-АРэ-7/3616-3,"мясо птицы, готовая мясная продукция из птицы и всех видов птицеводческой продукции, содержащей в своем составе продукты переработки птицы, за исключением товаров подверженных обработке, обеспечивающей разрушение вирусов гриппа птиц, согласно положениям Кодекса здоровья наземных животных МЭБ"
ФС-АРэ-7/3616-3,"корма и кормовые добавки для птиц (за исключением кормов и кормовых добавок растительного происхождения, химического и микробиологического синтеза)"
ФС-АРэ-7/3616-3,"бывшее в употреблении оборудование для содержания, убоя и разделки птиц"
ФС-АРэ-7/3623-3,живая птица и инкубационное яйцо
ФС-АРэ-7/3623-3,"мясо птицы, готовая мясная продукция из птицы и всех видов птицеводческой продукции, содержащей в своем составе продукты переработки птицы, за исключением товаров подверженных обработке, обеспечивающей разрушение вирусов гриппа птиц, согласно положениям Кодекса здоровья наземных животных МЭБ"
ФС-АРэ-7/3623-3,"корма и кормовые добавки для птиц (за исключением кормов и кормовых добавок растительного происхождения, химического и микробиологического синтеза)"
ФС-АРэ-7/3623-3,"бывшее в употреблении оборудование для содержания, убоя и разделки птиц"
ФС-АРэ-7/3624-3,живая птица и инкубационное яйцо
ФС-АРэ-7/3624-3,"мясо птицы, готовая мясная продукция из птицы и всех видов птицеводческой продукции, содержащей в своем составе продукты переработки птицы, за исключением товаров подверженных обработке, обеспечивающей разрушение вирусов гриппа птиц, согласно положениям Кодекса здоровья наземных животных МЭБ"
ФС-АРэ-7/3624-3,"корма и кормовые добавки для птиц (за исключением кормов и кормовых добавок растительного происхождения, химического и микробиологического синтеза)"
ФС-АРэ-7/3624-3,"бывшее в употреблении оборудование для содержания, убоя и разделки птиц"
ФС-АРэ-7/3636-3,восприимчивых к ящуру живых животных
ФС-АРэ-7/3636-3,"генетического материала (за исключением отобранных in vivo, в соответствии с положениями главы 8.8.17 Кодекса МЭБ)"
ФС-АРэ-7/3636-3,"сырого мяса и мясопродукции, не подвергнутой тепловой обработке, гарантирующей разрушение вируса ящура (в соответствии со статьей 8.8.31 кодекса МЭБ).    молока и молочной продукции (не подвергнутых тепловой обработке, гарантирующей разрушение вируса ящура (в соответствии со статьей 8.8.35 Кодекса МЭБ)"
ФС-АРэ-7/3636-3,"шерсти, волос, щетины, трофеев, кишечного сырья, шкур и кожи, не обработанных по технологии, гарантирующей раз"
ФС-АРэ-7/3626-3,живая птица и инкубационное яйцо
ФС-АРэ-7/3626-3,"мясо птицы, готовая мясная продукция из птицы и всех видов птицеводческой продукции, содержащей в своем составе продукты переработки птицы, за исключением товаров подверженных обработке, обеспечивающей разрушение вирусов гриппа птиц, согласно положениям Кодекса здоровья наземных животных МЭБ"
ФС-АРэ-7/3626-3,"корма и кормовые добавки для птиц (за исключением кормов и кормовых добавок растительного происхождения, химического и микробиологического синтеза)"
ФС-АРэ-7/3626-3,"бывшее в употреблении оборудование для содержания, убоя и разделки птиц"
ФС-АРэ-7/3627-3,живая птица и инкубационное яйцо
ФС-АРэ-7/3627-3,"мясо птицы, готовая мясная продукция из птицы и всех видов птицеводческой продукции, содержащей в своем составе продукты переработки птицы, за исключением товаров подверженных обработке, обеспечивающей разрушение вирусов гриппа птиц, согласно положениям Кодекса здоровья наземных животных МЭБ"
ФС-АРэ-7/3627-3,"корма и кормовые добавки для птиц (за исключением кормов и кормовых добавок растительного происхождения, химического и микробиологического синтеза)"
ФС-АРэ-7/3627-3,"бывшее в употреблении оборудование для содержания, убоя и разделки птиц"
ФС-АРэ-7/3628-3,живая птица и инкубационное яйцо
ФС-АРэ-7/3628-3,"мясо птицы, готовая мясная продукция из птицы и всех видов птицеводческой продукции, содержащей в своем составе продукты переработки птицы, за исключением товаров подверженных обработке, обеспечивающей разрушение вирусов гриппа птиц, согласно положениям Кодекса здоровья наземных животных МЭБ"
ФС-АРэ-7/3628-3,"корма и кормовые добавки для птиц (за исключением кормов и кормовых добавок растительного происхождения, химического и микробиологического синтеза)"
ФС-АРэ-7/3628-3,"бывшее в употреблении оборудование для содержания, убоя и разделки птиц"
ФС-АРэ-7/3637-3,живая птица и инкубационное яйцо
ФС-АРэ-7/3637-3,"мясо птицы, готовая мясная продукция из птицы и всех видов птицеводческой продукции, содержащей в своем составе продукты переработки птицы, за исключением товаров подверженных обработке, обеспечивающей разрушение вирусов гриппа птиц, согласно положениям Кодекса здоровья наземных животных МЭБ"
ФС-АРэ-7/3637-3,"корма и кормовые добавки для птиц (за исключением кормов и кормовых добавок растительного происхождения, химического и микробиологического синтеза)"
ФС-АРэ-7/3637-3,"бывшее в употреблении оборудование для содержания, убоя и разделки птиц"
ФС-АРэ-7/3638-3,живая птица и инкубационное яйцо
ФС-АРэ-7/3638-3,"мясо птицы, готовая мясная продукция из птицы и всех видов птицеводческой продукции, содержащей в своем составе продукты переработки птицы, за исключением товаров подверженных обработке, обеспечивающей разрушение вирусов гриппа птиц, согласно положениям Кодекса здоровья наземных животных МЭБ"
ФС-АРэ-7/3638-3,"корма и кормовые добавки для птиц (за исключением кормов и кормовых добавок растительного происхождения, химического и микробиологического синтеза)"
ФС-АРэ-7/3638-3,"бывшее в употреблении оборудование для содержания, убоя и разделки птиц"
ФС-АРэ-7/3642-3,живая птица и инкубационное яйцо
ФС-АРэ-7/3642-3,"мясо птицы, готовая мясная продукция из птицы и всех видов птицеводческой продукции, содержащей в своем составе продукты переработки птицы, за исключением товаров подверженных обработке, обеспечивающей разрушение вирусов гриппа птиц, согласно положениям Кодекса здоровья наземных животных МЭБ"
ФС-АРэ-7/3642-3,"корма и кормовые добавки для птиц (за исключением кормов и кормовых добавок растительного происхождения, химического и микробиологического синтеза)"
ФС-АРэ-7/3642-3,"бывшее в употреблении оборудование для содержания, убоя и разделки птиц"
ФС-АРэ-7/3650-3,восприимчивые к нодулярному дерматиту животные (в том числе крупный рогатый скот)
ФС-АРэ-7/3650-3,"продукция полученная от восприимчивых к нодулярному дерматиту видов животных (в том числе от крупного рогатого скота), без надлежащей обработки, обеспечивающей разрушение вируса нодулярного дерматита, необработанное кожевенное сырьё, полученное от убоя восприимчивых к нодулярному дерматиту видов животных (в том числе полученное от убойного крупного рогатого скота),  генетический материал от восприимчивых к нодулярному дерматиту видов животных (в том числе от крупног"
ФС-АРэ-7/3649-3,живая птица и инкубационное яйцо
ФС-АРэ-7/3649-3,"мясо птицы, готовая мясная продукция из птицы и всех видов птицеводческой продукции, содержащей в своем составе продукты переработки птицы, за исключением товаров подверженных обработке, обеспечивающей разрушение вирусов гриппа птиц, согласно положениям Кодекса здоровья наземных животных МЭБ"
ФС-АРэ-7/3649-3,"корма и кормовые добавки для птиц (за исключением кормов и кормовых добавок растительного происхождения, химического и микробиологического синтеза)"
ФС-АРэ-7/3649-3,"бывшее в употреблении оборудование для содержания, убоя и разделки птиц"
ФС-АРэ-7/3651-3,"живых овец и коз, а также восприимчивых к указанному заболеванию животных, продукции, полученной из мясосырья овец и коз, молока и молочных продуктов кормов животного происхождения и другого сырья и изделий, полученных от убоя овец и коз, бывшего в употреблении оборудования для их содержания, убоя и переработки с территории Бутана."
ФС-АРэ-7/3652-3,"живой птицы и инкубационного яйца, мяса птицы, готовой мясной продукции из птицы и всех видов птицеводческой продукции, содержащей в своем составе продукты переработки птицы, за исключением товаров подверженных обработке, обеспечивающей разрушение вирусов гриппа птиц (согласно положениям статьи 10.4 Кодекса здоровья наземных животных МЭБ), кормов и кормовых добавок для птиц (за исключением кормов и кормовых добавок растительного происхождения, химического и микробиологического синтеза), бывшего в употреблении оборудования для содержания, убоя и разд"
ФС-АРэ-7/3653-3,"живой птицы и инкубационного яйца, мяса птицы, готовой мясной продукции из птицы и всех видов птицеводческой продукции, содержащей в своем составе продукты переработки птицы, за исключением товаров подверженных обработке, обеспечивающей разрушение вирусов гриппа птиц (согласно положениям статьи 10.4 Кодекса здоровья наземных животных МЭБ), кормов и кормовых добавок для птиц (за исключением кормов и кормовых добавок растительного происхождения, химического и микробиологического синтеза), бывшего в употреблении оборудования для содержания, убоя и разд"
ФС-АРэ-7/3661-3,"живой птицы и инкубационного яйца, мяса птицы и всех видов птицеводческой продукции не прошедших тепловую обработку (не менее 70ºС), за исключением товаров, подверженных обработке, обеспечивающей разрушение вирусов гриппа птиц, согласно положениям статьи 10.4.21, 10.4.22, 10.4.23, 10.4.24, 10.4.25, 10.4.26 Кодекса здоровья наземных животных МЭБ, готовой продукции из птицы или содержащей в своём составе продукты переработки птицы,  кормов и кормовых добавок для птиц (за исключением кормовых добавок растительного происхождения, химического и микробиологического синтеза), а т"
ФС-АРэ-7/3662-3,живая птица и инкубационное яйцо
ФС-АРэ-7/3662-3,"мясо птицы, готовая мясная продукция из птицы и всех видов птицеводческой продукции, содержащей в своем составе продукты переработки птицы, за исключением товаров подверженных обработке, обеспечивающей разрушение вирусов гриппа птиц, согласно положениям Кодекса здоровья наземных животных МЭБ"
ФС-АРэ-7/3662-3,"корма и кормовые добавки для птиц (за исключением кормов и кормовых добавок растительного происхождения, химического и микробиологического синтеза)"
ФС-АРэ-7/3662-3,"бывшее в употреблении оборудование для содержания, убоя и разделки птиц"
ФС-АРэ-7/3663-3,живая птица и инкубационное яйцо
ФС-АРэ-7/3663-3,"мясо птицы, готовая мясная продукция из птицы и всех видов птицеводческой продукции, содержащей в своем составе продукты переработки птицы, за исключением товаров подверженных обработке, обеспечивающей разрушение вирусов гриппа птиц, согласно положениям Кодекса здоровья наземных животных МЭБ"
ФС-АРэ-7/3663-3,"корма и кормовые добавки для птиц (за исключением кормов и кормовых добавок растительного происхождения, химического и микробиологического синтеза)"
ФС-АРэ-7/3663-3,"бывшее в употреблении оборудование для содержания, убоя и разделки птиц"
ФС-АРэ-7/3664-3,живая птица и инкубационное яйцо
ФС-АРэ-7/3664-3,"мясо птицы, готовая мясная продукция из птицы и всех видов птицеводческой продукции, содержащей в своем составе продукты переработки птицы, за исключением товаров подверженных обработке, обеспечивающей разрушение вирусов гриппа птиц, согласно положениям Кодекса здоровья наземных животных МЭБ"
ФС-АРэ-7/3664-3,"корма и кормовые добавки для птиц (за исключением кормов и кормовых добавок растительного происхождения, химического и микробиологического синтеза)"
ФС-АРэ-7/3664-3,"бывшее в употреблении оборудование для содержания, убоя и разделки птиц"
ФС-АРэ-7/3668-3,"диких свиней, домашних свиней, спермы домашних свиней, полученных in vivo эмбрионов домашних свиней, продуктов убоя свиней, отходов и навоза от свиней, бывшего в употреблении оборудования для содержания, убоя и разделки, охотничьих трофеев, а также  продукции, содержащей свинину, за исключением следующих видов продукции, прошедших обработку по технологии, гарантирующей разрушение вируса АЧС в соответствии с положениями Главы 15.1 Кодекса здоровья наземных животных МЭБ: готовой продукции из свинины"
ФС-АРэ-7/3668-3,"готовой продукции, содержащей в своем составе свинину или"
ФС-АРэ-7/3671-3,"диких свиней, домашних свиней, спермы домашних свиней, полученных in vivo эмбрионов домашних свиней, продуктов убоя свиней, отходов и навоза от свиней, бывшего в употреблении оборудования для содержания, убоя и разделки, охотничьих трофеев, а также  продукции, содержащей свинину, за исключением следующих видов продукции, прошедших обработку по технологии, гарантирующей разрушение вируса АЧС в соответствии с положениями Главы 15.1 Кодекса здоровья наземных животных МЭБ: готовой продукции из свинины"
ФС-АРэ-7/3671-3,"готовой продукции, содержащей в своем составе свинину или"
ФС-АРэ-7/3672-3,живая птица и инкубационное яйцо
ФС-АРэ-7/3672-3,"мясо птицы, готовая мясная продукция из птицы и всех видов птицеводческой продукции, содержащей в своем составе продукты переработки птицы, за исключением товаров подверженных обработке, обеспечивающей разрушение вирусов гриппа птиц, согласно положениям Кодекса здоровья наземных животных МЭБ"
ФС-АРэ-7/3672-3,"корма и кормовые добавки для птиц (за исключением кормов и кормовых добавок растительного происхождения, химического и микробиологического синтеза)"
ФС-АРэ-7/3672-3,"бывшее в употреблении оборудование для содержания, убоя и разделки птиц"
ФС-АРэ-7/3673-3,живая птица и инкубационное яйцо
ФС-АРэ-7/3673-3,"мясо птицы, готовая мясная продукция из птицы и всех видов птицеводческой продукции, содержащей в своем составе продукты переработки птицы, за исключением товаров подверженных обработке, обеспечивающей разрушение вирусов гриппа птиц, согласно положениям Кодекса здоровья наземных животных МЭБ"
ФС-АРэ-7/3673-3,"корма и кормовые добавки для птиц (за исключением кормов и кормовых добавок растительного происхождения, химического и микробиологического синтеза)"
ФС-АРэ-7/3673-3,"бывшее в употреблении оборудование для содержания, убоя и разделки птиц"
ФС-АРэ-7/3685-3,живая птица и инкубационное яйцо
ФС-АРэ-7/3685-3,"мясо птицы, готовая мясная продукция из птицы и всех видов птицеводческой продукции, содержащей в своем составе продукты переработки птицы, за исключением товаров подверженных обработке, обеспечивающей разрушение вирусов гриппа птиц, согласно положениям Кодекса здоровья наземных животных МЭБ"
ФС-АРэ-7/3685-3,"корма и кормовые добавки для птиц (за исключением кормов и кормовых добавок растительного происхождения, химического и микробиологического синтеза)"
ФС-АРэ-7/3685-3,"бывшее в употреблении оборудование для содержания, убоя и разделки птиц"
ФС-АРэ-7/3686-3,живая птица и инкубационное яйцо
ФС-АРэ-7/3686-3,"мясо птицы, готовая мясная продукция из птицы и всех видов птицеводческой продукции, содержащей в своем составе продукты переработки птицы, за исключением товаров подверженных обработке, обеспечивающей разрушение вирусов гриппа птиц, согласно положениям Кодекса здоровья наземных животных МЭБ"
ФС-АРэ-7/3686-3,"корма и кормовые добавки для птиц (за исключением кормов и кормовых добавок растительного происхождения, химического и микробиологического синтеза)"
ФС-АРэ-7/3686-3,"бывшее в употреблении оборудование для содержания, убоя и разделки птиц"
ФС-АРэ-7/3690-3,живая птица и инкубационное яйцо
ФС-АРэ-7/3690-3,"мясо птицы, готовая мясная продукция из птицы и всех видов птицеводческой продукции, содержащей в своем составе продукты переработки птицы, за исключением товаров подверженных обработке, обеспечивающей разрушение вирусов гриппа птиц, согласно положениям Кодекса здоровья наземных животных МЭБ"
ФС-АРэ-7/3690-3,"корма и кормовые добавки для птиц (за исключением кормов и кормовых добавок растительного происхождения, химического и микробиологического синтеза)"
ФС-АРэ-7/3690-3,"бывшее в употреблении оборудование для содержания, убоя и разделки птиц"
ФС-АРэ-7/3692-3,"домашних овец и коз, диких восприимчивых к указанному заболеванию жвачных, их генетический материал, а также продукцию, полученную от (-из) указанных животных, не прошедшую обработку по технологии, обеспечивающей разрушение вируса ЧМЖ одним из способов, приведенных в соответствующих статьях гл. 14.7. Кодекса МЭБ."
ФС-АРэ-7/3693-3,живой птицы и инкубационного яйца
ФС-АРэ-7/3693-3,"мяса птицы и всех видов птицеводческой продукции не прошедших тепловую обработку (не менее 70ºС), за исключением товаров, подверженных обработке, обеспечивающей разрушение вирусов гриппа птиц, согласно положениям статьи 10.4.21, 10.4.22, 10.4.23, 10.4.24, 10.4.25, 10.4.26 Кодекса здоровья наземных животных МЭБ"
ФС-АРэ-7/3693-3,готовой продукции из птицы или содержащей в своём составе продукты переработки птицы
ФС-АРэ-7/3693-3,"кормов и кормовых добавок для птиц (за исключением кормовых добавок растительного происхождения, химического и микробиологического синтеза), а т"
ФС-АРэ-7/3695-3,живая птица и инкубационное яйцо
ФС-АРэ-7/3695-3,"мясо птицы, готовая мясная продукция из птицы и всех видов птицеводческой продукции, содержащей в своем составе продукты переработки птицы, за исключением товаров подверженных обработке, обеспечивающей разрушение вирусов гриппа птиц, согласно положениям Кодекса здоровья наземных животных МЭБ"
ФС-АРэ-7/3695-3,"корма и кормовые добавки для птиц (за исключением кормов и кормовых добавок растительного происхождения, химического и микробиологического синтеза)"
ФС-АРэ-7/3695-3,"бывшее в употреблении оборудование для содержания, убоя и разделки птиц"
ФС-АРэ-7/3698-3,живая птица и инкубационное яйцо
ФС-АРэ-7/3698-3,"мясо птицы, готовая мясная продукция из птицы и всех видов птицеводческой продукции, содержащей в своем составе продукты переработки птицы, за исключением товаров подверженных обработке, обеспечивающей разрушение вирусов гриппа птиц, согласно положениям Кодекса здоровья наземных животных МЭБ"
ФС-АРэ-7/3698-3,"корма и кормовые добавки для птиц (за исключением кормов и кормовых добавок растительного происхождения, химического и микробиологического синтеза)"
ФС-АРэ-7/3698-3,"бывшее в употреблении оборудование для содержания, убоя и разделки птиц"
ФС-АРэ-7/3699-3,живая птица и инкубационное яйцо
ФС-АРэ-7/3699-3,"мясо птицы, готовая мясная продукция из птицы и всех видов птицеводческой продукции, содержащей в своем составе продукты переработки птицы, за исключением товаров подверженных обработке, обеспечивающей разрушение вирусов гриппа птиц, согласно положениям Кодекса здоровья наземных животных МЭБ"
ФС-АРэ-7/3699-3,"корма и кормовые добавки для птиц (за исключением кормов и кормовых добавок растительного происхождения, химического и микробиологического синтеза)"
ФС-АРэ-7/3699-3,"бывшее в употреблении оборудование для содержания, убоя и разделки птиц."
ФС-АРэ-7/3710-3,живая птица и инкубационное яйцо
ФС-АРэ-7/3710-3,"мясо птицы, готовая мясная продукция из птицы и всех видов птицеводческой продукции, содержащей в своем составе продукты переработки птицы, за исключением товаров подверженных обработке, обеспечивающей разрушение вирусов гриппа птиц, согласно положениям Кодекса здоровья наземных животных МЭБ"
ФС-АРэ-7/3710-3,"корма и кормовые добавки для птиц (за исключением кормов и кормовых добавок растительного происхождения, химического и микробиологического синтеза)"
ФС-АРэ-7/3710-3,"бывшее в употреблении оборудование для содержания, убоя и разделки птиц"
ФС-АРэ-7/3711-3,живая птица и инкубационное яйцо
ФС-АРэ-7/3711-3,"мясо птицы, готовая мясная продукция из птицы и всех видов птицеводческой продукции, содержащей в своем составе продукты переработки птицы, за исключением товаров подверженных обработке, обеспечивающей разрушение вирусов гриппа птиц, согласно положениям Кодекса здоровья наземных животных МЭБ"
ФС-АРэ-7/3711-3,"корма и кормовые добавки для птиц (за исключением кормов и кормовых добавок растительного происхождения, химического и микробиологического синтеза)"
ФС-АРэ-7/3711-3,"бывшее в употреблении оборудование для содержания, убоя и разделки птиц"
ФС-АРэ-7/3712-3,живая птица и инкубационное яйцо
ФС-АРэ-7/3712-3,"мясо птицы, готовая мясная продукция из птицы и всех видов птицеводческой продукции, содержащей в своем составе продукты переработки птицы, за исключением товаров подверженных обработке, обеспечивающей разрушение вирусов гриппа птиц, согласно положениям Кодекса здоровья наземных животных МЭБ"
ФС-АРэ-7/3712-3,"корма и кормовые добавки для птиц (за исключением кормов и кормовых добавок растительного происхождения, химического и микробиологического синтеза)"
ФС-АРэ-7/3712-3,"бывшее в употреблении оборудование для содержания, убоя и разделки птиц"
ФС-АРэ-7/3713-3,живая птица и инкубационное яйцо
ФС-АРэ-7/3713-3,"мясо птицы, готовая мясная продукция из  птицы и всех видов птицеводческой продукции, содержащей в своем составе  продукты переработки птицы, за исключением товаров подверженных обработке, обеспечивающей разрушение вирусов гриппа птиц, согласно положениям Кодекса здоровья наземных животных МЭБ"
ФС-АРэ-7/3713-3,"корма и кормовые добавки для птиц (за исключением кормов и кормовых добавок растительного происхождения, химического и микробиологического синтеза)"
ФС-АРэ-7/3713-3,"бывшее в употреблении оборудование для содержания, убоя и разделки птиц"
ФС-АРэ-7/3724-3,живая птица и инкубационное яйцо
ФС-АРэ-7/3724-3,"мясо птицы, готовая мясная продукция из птицы и всех видов птицеводческой продукции, содержащей в своем составе продукты переработки птицы, за исключением товаров подверженных обработке, обеспечивающей разрушение вирусов гриппа птиц, согласно положениям Кодекса здоровья наземных животных МЭБ"
ФС-АРэ-7/3724-3,"корма и кормовые добавки для птиц (за исключением кормов и кормовых добавок растительного происхождения, химического и микробиологического синтеза)"
ФС-АРэ-7/3724-3,"бывшее в употреблении оборудование для содержания, убоя и разделки птиц"
ФС-АРэ-7/3725-3,живая птица и инкубационное яйцо
ФС-АРэ-7/3725-3,"мясо птицы, готовая мясная продукция из птицы и всех видов птицеводческой продукции, содержащей в своем составе продукты переработки птицы, за исключением товаров подверженных обработке, обеспечивающей разрушение вирусов гриппа птиц, согласно положениям Кодекса здоровья наземных животных МЭБ"
ФС-АРэ-7/3725-3,"корма и кормовые добавки для птиц (за исключением кормов и кормовых добавок растительного происхождения, химического и микробиологического синтеза)"
ФС-АРэ-7/3725-3,"бывшее в употреблении оборудование для содержания, убоя и разделки птиц"
ФС-АРэ-7/3726-3,живой птицы и инкубационного яйца
ФС-АРэ-7/3726-3,"мяса птицы и всех видов птицеводческой продукции не прошедших тепловую обработку (не менее 70ºС), за исключением товаров, подверженных обработке, обеспечивающей разрушение вирусов гриппа птиц, согласно положениям статьи 10.4.21, 10.4.22, 10.4.23, 10.4.24, 10.4.25, 10.4.26 Кодекса здоровья наземных животных МЭБ"
ФС-АРэ-7/3726-3,готовой продукции из птицы или содержащей в своём составе продукты переработки птицы
ФС-АРэ-7/3726-3,"кормов и кормовых добавок для птиц (за исключением кормовых добавок растительного происхождения, химического и микробиологического синтеза), а та"
ФС-АРэ-7/3737-3,"диких свиней, домашних свиней, спермы домашних свиней, полученных in vivo эмбрионов домашних свиней, продуктов убоя свиней, отходов и навоза от свиней, бывшего в употреблении оборудования для содержания, убоя и разделки, охотничьих трофеев, а также продукции, содержащей свинину, за исключением следующих видов продукции, прошедших обработку по технологии, гарантирующей разрушение вируса АЧС в соответствии с положениями Главы 15.1 Кодекса здоровья наземных животных МЭБ: готовой продукции из свинины"
ФС-АРэ-7/3737-3,"готовой продукции, содержащей в своем составе свинину или"
ФС-АРэ-7/3738-3,живая птица и инкубационное яйцо
ФС-АРэ-7/3738-3,"мясо птицы, готовая мясная продукция из птицы и всех видов птицеводческой продукции, содержащей в своем составе продукты переработки птицы, за исключением товаров подверженных обработке, обеспечивающей разрушение вирусов гриппа птиц, согласно положениям Кодекса здоровья наземных животных МЭБ"
ФС-АРэ-7/3738-3,"корма и кормовые добавки для птиц (за исключением кормов и кормовых добавок растительного происхождения, химического и микробиологического синтеза)"
ФС-АРэ-7/3738-3,"бывшее в употреблении оборудование для содержания, убоя и разделки птиц"
ФС-АРэ-7/3745-3,восприимчивых к ящуру живых животных
ФС-АРэ-7/3745-3,"генетического материала (за исключением отобранных in vivo, в соответствии с положениями главы 8.8.17 Кодекса МЭБ)"
ФС-АРэ-7/3745-3,"сырого мяса и мясопродукции, не подвергнутой тепловой обработке, гарантирующей разрушение вируса ящура (в соответствии со статьей 8.8.31 кодекса МЭБ). молока и молочной продукции (не подвергнутых тепловой обработке, гарантирующей разрушение вируса ящура (в соответствии со статьей 8.8.35 Кодекса МЭБ)"
ФС-АРэ-7/3745-3,"шерсти, волос, щетины, трофеев, кишечного сырья, шкур и кожи, не обработанных по технологии, гарантирующей разрушен"
ФС-АРэ-7/3746-3,"домашних овец и коз, диких восприимчивых к указанному заболеванию жвачных, их генетический материал, а также продукцию, полученную от (-из) указанных животных, не прошедшую обработку по технологии, обеспечивающей разрушение вируса ЧМЖ одним из способов, приведенных в соответствующих статьях гл. 14.7. Кодекса МЭБ"
ФС-АРэ-7/3747-3,восприимчивых к ящуру живых животных
ФС-АРэ-7/3747-3,"генетического материала (за исключением отобранных in vivo, в соответствии с положениями главы 8.8.17 Кодекса МЭБ)"
ФС-АРэ-7/3747-3,"сырого мяса и мясопродукции, не подвергнутой тепловой обработке, гарантирующей разрушение вируса ящура (в соответствии со статьей 8.8.31 кодекса МЭБ). молока и молочной продукции (не подвергнутых тепловой обработке, гарантирующей разрушение вируса ящура (в соответствии со статьей 8.8.35 Кодекса МЭБ)"
ФС-АРэ-7/3747-3,"шерсти, волос, щетины, трофеев, кишечного сырья, шкур и кожи, не обработанных по технологии, гарантирующей разрушен"
ФС-АРэ-7/3758-3,"живая птица и инкубационное яйцо, мясо птицы и всех видов птицеводческой продукции, не прошедших тепловую обработку (не менее 70 ºС), корма и кормовые добавки для птиц (за исключением кормовых добавок растительного происхождения, химического и микробиологического синтеза), а также бывшее в употреблении оборудование для содержания, убоя и разделки птиц"
ФС-АРэ-7/3762-3,"крупный и мелкий рогатый скот, дикие, зоопарковые и цирковые животные, восприимчивые к блютангу, верблюды и другие представители семейства верблюжьих (ламы, альпаки, викуньи), сперма быков, баранов и козлов производителей, эмбрионы крупного и мелкого рогатого скота"
ФС-АРэ-7/3771-3,восприимчивые к нодулярному дерматиту животные (в том числе крупный рогатый скот)
ФС-АРэ-7/3771-3,"продукция полученная от восприимчивых к нодулярному дерматиту видов животных (в том числе от крупного рогатого скота), без надлежащей обработки, обеспечивающей разрушение вируса нодулярного дерматита, необработанное кожевенное сырьё, полученное от убоя восприимчивых к нодулярному дерматиту видов животных (в том числе полученное от убойного крупного рогатого скота), генетический материал от восприимчивых к нодулярному дерматиту видов животных (в том числе от крупного"
ФС-АРэ-7/3777-3,живая птица и инкубационное яйцо
ФС-АРэ-7/3777-3,"мясо птицы, готовая мясная продукция из птицы и всех видов птицеводческой продукции, содержащей в своем составе продукты переработки птицы, за исключением товаров подверженных обработке, обеспечивающей разрушение вирусов гриппа птиц, согласно положениям Кодекса здоровья наземных животных МЭБ"
ФС-АРэ-7/3777-3,"корма и кормовые добавки для птиц (за исключением кормов и кормовых добавок растительного происхождения, химического и микробиологического синтеза)"
ФС-АРэ-7/3777-3,"бывшее в употреблении оборудование для содержания, убоя и разделки птиц"
ФС-АРэ-7/3782-3,живая птица и инкубационное яйцо
ФС-АРэ-7/3782-3,"мясо птицы, готовая мясная продукция из птицы и всех видов птицеводческой продукции, содержащей в своем составе продукты переработки птицы, за исключением товаров подверженных обработке, обеспечивающей разрушение вирусов гриппа птиц, согласно положениям Кодекса здоровья наземных животных МЭБ"
ФС-АРэ-7/3782-3,"корма и кормовые добавки для птиц (за исключением кормов и кормовых добавок растительного происхождения, химического и микробиологического синтеза)"
ФС-АРэ-7/3782-3,"бывшее в употреблении оборудование для содержания, убоя и разделки птиц"
ФС-АРэ-7/3783-3,живая птица и инкубационное яйцо
ФС-АРэ-7/3783-3,"мясо птицы, готовая мясная продукция из птицы и всех видов птицеводческой продукции, содержащей в своем составе продукты переработки птицы, за исключением товаров подверженных обработке, обеспечивающей разрушение вирусов гриппа птиц, согласно положениям Кодекса здоровья наземных животных МЭБ"
ФС-АРэ-7/3783-3,"корма и кормовые добавки для птиц (за исключением кормов и кормовых добавок растительного происхождения, химического и микробиологического синтеза)"
ФС-АРэ-7/3783-3,"бывшее в употреблении оборудование для содержания, убоя и разделки птиц"
ФС-АРэ-7/3787-3,восприимчивые к нодулярному дерматиту животные (в том числе крупный рогатый скот)
ФС-АРэ-7/3787-3,"продукция полученная от восприимчивых к нодулярному дерматиту видов животных (в том числе от крупного рогатого скота), без надлежащей обработки, обеспечивающей разрушение вируса нодулярного дерматита, необработанное кожевенное сырьё, полученное от убоя восприимчивых к нодулярному дерматиту видов животных (в том числе полученное от убойного крупного рогатого скота), генетический материал от восприимчивых к нодулярному дерматиту видов животных (в том числе от крупного"
ФС-АРэ-7/3800-3,живая птица и инкубационное яйцо
ФС-АРэ-7/3800-3,"мясо птицы, готовая мясная продукция из птицы и всех видов птицеводческой продукции, содержащей в своем составе продукты переработки птицы, за исключением товаров подверженных обработке, обеспечивающей разрушение вирусов гриппа птиц, согласно положениям Кодекса здоровья наземных животных МЭБ"
ФС-АРэ-7/3800-3,"корма и кормовые добавки для птиц (за исключением кормов и кормовых добавок растительного происхождения, химического и микробиологического синтеза)"
ФС-АРэ-7/3800-3,"бывшее в употреблении оборудование для содержания, убоя и разделки птиц"
ФС-АРэ-7/3809-3,живая птица и инкубационное яйцо
ФС-АРэ-7/3809-3,"мясо птицы, готовая мясная продукция из птицы и всех видов птицеводческой продукции, содержащей в своем составе продукты переработки птицы, за исключением товаров подверженных обработке, обеспечивающей разрушение вирусов гриппа птиц, согласно положениям Кодекса здоровья наземных животных МЭБ"
ФС-АРэ-7/3809-3,"корма и кормовые добавки для птиц (за исключением кормов и кормовых добавок растительного происхождения, химического и микробиологического синтеза)"
ФС-АРэ-7/3809-3,"бывшее в употреблении оборудование для содержания, убоя и разделки птиц."
ФС-АРэ-7/3812-3,живой птицы и инкубационного яйца
ФС-АРэ-7/3812-3,"мяса птицы и всех видов птицеводческой продукции не прошедших тепловую обработку (не менее 70ºС), за исключением товаров, подверженных обработке, обеспечивающей разрушение вирусов гриппа птиц, согласно положениям статьи 10.4.21, 10.4.22, 10.4.23, 10.4.24, 10.4.25, 10.4.26 Кодекса здоровья наземных животных МЭБ"
ФС-АРэ-7/3812-3,готовой продукции из птицы или содержащей в своём составе продукты переработки птицы
ФС-АРэ-7/3812-3,"кормов и кормовых добавок для птиц (за исключением кормовых добавок растительного происхождения, химического и микробиологического синтеза), а та"
ФС-АРэ-7/3808-3,живая птица и инкубационное яйцо
ФС-АРэ-7/3808-3,"мясо птицы, готовая мясная продукция из птицы и всех видов птицеводческой продукции, содержащей в своем составе продукты переработки птицы, за исключением товаров подверженных обработке, обеспечивающей разрушение вирусов гриппа птиц, согласно положениям Кодекса здоровья наземных животных МЭБ"
ФС-АРэ-7/3808-3,"корма и кормовые добавки для птиц (за исключением кормов и кормовых добавок растительного происхождения, химического и микробиологического синтеза)"
ФС-АРэ-7/3808-3,"бывшее в употреблении оборудование для содержания, убоя и разделки птиц"
ФС-АРэ-7/3844-3,живой птицы и инкубационного яйца
ФС-АРэ-7/3844-3,"мяса птицы и всех видов птицеводческой продукции не прошедших тепловую обработку (не менее 70ºС), за исключением товаров, подверженных обработке, обеспечивающей разрушение вирусов гриппа птиц, согласно положениям статьи 10.4.21, 10.4.22, 10.4.23, 10.4.24, 10.4.25, 10.4.26 Кодекса здоровья наземных животных МЭБ"
ФС-АРэ-7/3844-3,готовой продукции из птицы или содержащей в своём составе продукты переработки птицы
ФС-АРэ-7/3844-3,"кормов и кормовых добавок для птиц (за исключением кормовых добавок растительного происхождения, химического и микробиологического синтеза), а та"
ФС-АРэ-7/3867-3,живая птица и инкубационное яйцо
ФС-АРэ-7/3867-3,"мясо птицы, готовая мясная продукция из птицы и всех видов птицеводческой продукции, содержащей в своем составе продукты переработки птицы, за исключением товаров подверженных обработке, обеспечивающей разрушение вирусов гриппа птиц, согласно положениям Кодекса здоровья наземных животных МЭБ"
ФС-АРэ-7/3867-3,"корма и кормовые добавки для птиц (за исключением кормов и кормовых добавок растительного происхождения, химического и микробиологического синтеза)"
ФС-АРэ-7/3867-3,"бывшее в употреблении оборудование для содержания, убоя и разделки птиц"
ФС-АРэ-7/3872-3,живой птицы и инкубационного яйца
ФС-АРэ-7/3872-3,"мяса птицы и всех видов птицеводческой продукции не прошедших тепловую обработку (не менее 70ºС), за исключением товаров, подверженных обработке, обеспечивающей разрушение вирусов гриппа птиц, согласно положениям статьи 10.4.21, 10.4.22, 10.4.23, 10.4.24, 10.4.25, 10.4.26 Кодекса здоровья наземных животных МЭБ"
ФС-АРэ-7/3872-3,готовой продукции из птицы или содержащей в своём составе продукты переработки птицы
ФС-АРэ-7/3872-3,"кормов и кормовых добавок для птиц (за исключением кормовых добавок растительного происхождения, химического и микробиологического синтеза), а та"
ФС-АРэ-7/3873-3,восприимчивые к нодулярному дерматиту животные (в том числе крупный рогатый скот)
ФС-АРэ-7/3873-3,"продукция полученная от восприимчивых к нодулярному дерматиту видов животных (в том числе от крупного рогатого скота), без надлежащей обработки, обеспечивающей разрушение вируса нодулярного дерматита, необработанное кожевенное сырьё, полученное от убоя восприимчивых к нодулярному дерматиту видов животных (в том числе полученное от убойного крупного рогатого скота), генетический материал от восприимчивых к нодулярному дерматиту видов животных (в том числе от крупного"
ФС-АРэ-7/3891-3,"домашних овец и коз, диких восприимчивых к указанному заболеванию жвачных, их генетический материал, а также продукцию, полученную от (-из) указанных животных, не прошедшую обработку по технологии, обеспечивающей разрушение вируса ЧМЖ одним из способов, приведенных в соответствующих статьях гл. 14.7. Кодекса МЭБ"
ФС-АРэ-7/3892-3,"живой птицы и инкубационного яйца, мяса птицы и всех видов птицеводческой продукции, не прошедших тепловую обработку (не менее 70 ºС), кормов и кормовых добавок для птиц (за исключением кормовых добавок растительного происхождения, химического и микробиологического синтеза), а также бывшего в употреблении оборудования для содержания, убоя и разделки птиц"
ФС-АРэ-7/3893-3,восприимчивые к нодулярному дерматиту животные (в том числе крупный рогатый скот)
ФС-АРэ-7/3893-3,"продукция полученная от восприимчивых к нодулярному дерматиту видов животных (в том числе от крупного рогатого скота), без надлежащей обработки, обеспечивающей разрушение вируса нодулярного дерматита, необработанное кожевенное сырьё, полученное от убоя восприимчивых к нодулярному дерматиту видов животных (в том числе полученное от убойного крупного рогатого скота), генетический материал от восприимчивых к нодулярному дерматиту видов животных (в том числе от крупного"
ФС-АРэ-7/3894-3,восприимчивые к нодулярному дерматиту животные (в том числе крупный рогатый скот)
ФС-АРэ-7/3894-3,"продукция полученная от восприимчивых к нодулярному дерматиту видов животных (в том числе от крупного рогатого скота), без надлежащей обработки, обеспечивающей разрушение вируса нодулярного дерматита, необработанное кожевенное сырьё, полученное от убоя восприимчивых к нодулярному дерматиту видов животных (в том числе полученное от убойного крупного рогатого скота), генетический материал от восприимчивых к нодулярному дерматиту видов животных (в том числе от крупного"
ФС-АРэ-7/3896-3,живой птицы и инкубационного яйца
ФС-АРэ-7/3896-3,"мяса птицы и всех видов птицеводческой продукции не прошедших тепловую обработку (не менее 70ºС), за исключением товаров, подверженных обработке, обеспечивающей разрушение вирусов гриппа птиц, согласно положениям статьи 10.4.21, 10.4.22, 10.4.23, 10.4.24, 10.4.25, 10.4.26 Кодекса здоровья наземных животных МЭБ"
ФС-АРэ-7/3896-3,готовой продукции из птицы или содержащей в своём составе продукты переработки птицы
ФС-АРэ-7/3896-3,"кормов и кормовых добавок для птиц (за исключением кормовых добавок растительного происхождения, химического и микробиологического синтеза), а та"
ФС-АРэ-7/3898-3,"диких свиней, домашних свиней, спермы домашних свиней, полученных in vivo эмбрионов домашних свиней, продуктов убоя свиней, отходов и навоза от свиней, бывшего в употреблении оборудования для содержания, убоя и разделки, охотничьих трофеев, а также продукции, содержащей свинину, за исключением следующих видов продукции, прошедших обработку по технологии, гарантирующей разрушение вируса АЧС в соответствии с положениями Главы 15.1 Кодекса здоровья наземных животных МЭБ: готовой продукции из свинины"
ФС-АРэ-7/3898-3,"готовой продукции, содержащей в своем составе свинину или"
ФС-АРэ-7/3914-3,восприимчивые к нодулярному дерматиту животные (в том числе крупный рогатый скот)
ФС-АРэ-7/3914-3,"продукция полученная от восприимчивых к нодулярному дерматиту видов животных (в том числе от крупного рогатого скота), без надлежащей обработки, обеспечивающей разрушение вируса нодулярного дерматита, необработанное кожевенное сырьё, полученное от убоя восприимчивых к нодулярному дерматиту видов животных (в том числе полученное от убойного крупного рогатого скота), генетический материал от восприимчивых к нодулярному дерматиту видов животных (в том числе от крупного"
ФС-АРэ-7/3927-3,живой птицы и инкубационного яйца
ФС-АРэ-7/3927-3,"мяса птицы и всех видов птицеводческой продукции не прошедших тепловую обработку (не менее 70ºС), за исключением товаров, подверженных обработке, обеспечивающей разрушение вирусов гриппа птиц, согласно положениям статьи 10.4.21, 10.4.22, 10.4.23, 10.4.24, 10.4.25, 10.4.26 Кодекса здоровья наземных животных МЭБ"
ФС-АРэ-7/3927-3,готовой продукции из птицы или содержащей в своём составе продукты переработки птицы
ФС-АРэ-7/3927-3,"кормов и кормовых добавок для птиц (за исключением кормовых добавок растительного происхождения, химического и микробиологического синтеза), а та"
ФС-АРэ-7/3967-3,восприимчивых к ящуру живых животных
ФС-АРэ-7/3967-3,"генетического материала (за исключением отобранных in vivo, в соответствии с положениями главы 8.8.17 Кодекса МЭБ)"
ФС-АРэ-7/3967-3,"сырого мяса и мясопродукции, не подвергнутой тепловой обработке, гарантирующей разрушение вируса ящура (в соответствии со статьей 8.8.31 кодекса МЭБ). молока и молочной продукции (не подвергнутых тепловой обработке, гарантирующей разрушение вируса ящура (в соответствии со статьей 8.8.35 Кодекса МЭБ)"
ФС-АРэ-7/3967-3,"шерсти, волос, щетины, трофеев, кишечного сырья, шкур и кожи, не обработанных по технологии, гарантирующей разрушен"
ФС-АРэ-7/3992-3,живой птицы и инкубационного яйца
ФС-АРэ-7/3992-3,"мяса птицы, готовой мясной продукции из птицы и всех видов птицеводческой продукции, содержащей в своем составе продукты переработки птицы, за исключением товаров подверженных обработке, обеспечивающей разрушение вирусов гриппа птиц, согласно положениям Кодекса здоровья наземных животных МЭБ"
ФС-АРэ-7/3992-3,"кормов и кормовых добавок для птиц (за исключением кормов и кормовых добавок растительного происхождения, химического и микробиологического синтеза)"
ФС-АРэ-7/3992-3,"бывшего в употреблении оборудования для содержания, убоя и разделк"
ФС-АРэ-7/3994-3,живой птицы и инкубационного яйца
ФС-АРэ-7/3994-3,"мяса птицы, готовой мясной продукции из птицы и всех видов птицеводческой продукции, содержащей в своем составе продукты переработки птицы, за исключением товаров подверженных обработке, обеспечивающей разрушение вирусов гриппа птиц, согласно положениям Кодекса здоровья наземных животных МЭБ"
ФС-АРэ-7/3994-3,"кормов и кормовых добавок для птиц (за исключением кормов и кормовых добавок растительного происхождения, химического и микробиологического синтеза)"
ФС-АРэ-7/3994-3,"бывшего в употреблении оборудования для содержания, убоя и разделки п"
ФС-АРэ-7/4004-3,восприимчивых к ящуру живых животных
ФС-АРэ-7/4004-3,"генетического материала (за исключением отобранных in vivo, в соответствии с положениями главы 8.8.17 Кодекса МЭБ)"
ФС-АРэ-7/4004-3,"сырого мяса и мясопродукции, не подвергнутой тепловой обработке, гарантирующей разрушение вируса ящура (в соответствии со статьей 8.8.31 кодекса МЭБ). молока и молочной продукции (не подвергнутых тепловой обработке, гарантирующей разрушение вируса ящура (в соответствии со статьей 8.8.35 Кодекса МЭБ)"
ФС-АРэ-7/4004-3,"шерсти, волос, щетины, трофеев, кишечного сырья, шкур и кожи, не обработанных по технологии, гарантирующей разрушен"
ФС-АРэ-7/4005-3,"домашних овец и коз, диких восприимчивых к указанному заболеванию жвачных, их генетический материал, а также продукцию, полученную от (-из) указанных животных, не прошедшую обработку по технологии, обеспечивающей разрушение вируса ЧМЖ одним из способов, приведенных в соответствующих статьях гл. 14.7. Кодекса МЭБ"
ФС-АРэ-7/4006-3,живой птицы и инкубационного яйца
ФС-АРэ-7/4006-3,"мяса птицы и всех видов птицеводческой продукции не прошедших тепловую обработку (не менее 70ºС), за исключением товаров, подверженных обработке, обеспечивающей разрушение вирусов гриппа птиц, согласно положениям статьи 10.4.21, 10.4.22, 10.4.23, 10.4.24, 10.4.25, 10.4.26 Кодекса здоровья наземных животных МЭБ"
ФС-АРэ-7/4006-3,готовой продукции из птицы или содержащей в своём составе продукты переработки птицы
ФС-АРэ-7/4006-3,"кормов и кормовых добавок для птиц (за исключением кормовых добавок растительного происхождения, химического и микробиологического синтеза), а та"
ФС-АРэ-7/4008-3,Живой крупный рогатый скот
ФС-АРэ-7/4008-3,Кровь и кровосодержащие продукты крупного рогатого скота
ФС-АРэ-7/4008-3,Говядина на кости
ФС-АРэ-7/4008-3,Говяжьи субпродукты
ФС-АРэ-7/4008-3,"Кишечное сырье полученного от крупного рогатого скота, за исключением защищенных оболочек"
ФС-АРэ-7/4008-3,"Говядина, полученной путем механической обвалки"
ФС-АРэ-7/4008-3,"Переработанные белки крупного рогатого скота, предназначенных в корм продуктивным животным и кормов для продуктивных животных, в состав которых входят переработанные белки крупного рогатого скота, за исключением белков молока"
ФС-АРэ-7/4008-3,"Бескостная говядина, полученная от крупного рогатого с"
ФС-АРэ-7/4035-3,"живой птицы и инкубационного яйца, мяса птицы и всех видов птицеводческой продукции, не прошедших тепловую обработку (не менее 70 ºС), кормов и кормовых добавок для птиц (за исключением кормовых добавок растительного происхождения, химического и микробиологического синтеза), а также бывшего в употреблении оборудования для содержания, убоя и разделки птиц"
ФС-АРэ-7/4054-3,живой птицы и инкубационного яйца
ФС-АРэ-7/4054-3,"мяса птицы, готовой мясной продукции из птицы и всех видов птицеводческой продукции, содержащей в своем составе продукты переработки птицы, за исключением товаров подверженных обработке, обеспечивающей разрушение вирусов гриппа птиц, согласно положениям Кодекса здоровья наземных животных МЭБ"
ФС-АРэ-7/4054-3,"кормов и кормовых добавок для птиц (за исключением кормов и кормовых добавок растительного происхождения, химического и микробиологического синтеза)"
ФС-АРэ-7/4054-3,"бывшего в употреблении оборудования для содержания, убоя и разделки п"
ФС-АРэ-7/4071-3,живая птица и инкубационное яйцо
ФС-АРэ-7/4071-3,"мясо птицы, готовая мясная продукция из  птицы и всех видов птицеводческой продукции, содержащей в своем составе  продукты переработки птицы, за исключением товаров подверженных обработке, обеспечивающей разрушение вирусов гриппа птиц, согласно положениям Кодекса здоровья наземных животных МЭБ"
ФС-АРэ-7/4071-3,"корма и кормовые добавки для птиц (за исключением кормов и кормовых добавок растительного происхождения, химического и микробиологического синтеза)"
ФС-АРэ-7/4071-3,"бывшее в употреблении оборудование для содержания, убоя и разделки птиц"
ФС-АРэ-7/4072-3,живая птица и инкубационное яйцо
ФС-АРэ-7/4072-3,"мясо птицы, готовая мясная продукция из  птицы и всех видов птицеводческой продукции, содержащей в своем составе  продукты переработки птицы, за исключением товаров подверженных обработке, обеспечивающей разрушение вирусов гриппа птиц, согласно положениям Кодекса здоровья наземных животных МЭБ"
ФС-АРэ-7/4072-3,"корма и кормовые добавки для птиц (за исключением кормов и кормовых добавок растительного происхождения, химического и микробиологического синтеза)"
ФС-АРэ-7/4072-3,"бывшее в употреблении оборудование для содержания, убоя и разделки птиц"
ФС-АРэ-7/4084-3,живой птицы и инкубационного яйца
ФС-АРэ-7/4084-3,"мяса птицы, готовой мясной продукции из птицы и всех видов птицеводческой продукции, содержащей в своем составе продукты переработки птицы, за исключением товаров подверженных обработке, обеспечивающей разрушение вирусов гриппа птиц, согласно положениям Кодекса здоровья наземных животных МЭБ"
ФС-АРэ-7/4084-3,"кормов и кормовых добавок для птиц (за исключением кормов и кормовых добавок растительного происхождения, химического и микробиологического синтеза)"
ФС-АРэ-7/4084-3,"бывшего в употреблении оборудования для содержания, убоя и разделк"
ФС-АРэ-7/4085-3,живая птица и инкубационное яйцо
ФС-АРэ-7/4085-3,"мясо птицы, готовая мясная продукция из птицы и всех видов птицеводческой продукции, содержащей в своем составе продукты переработки птицы, за исключением товаров подверженных обработке, обеспечивающей разрушение вирусов гриппа птиц, согласно положениям Кодекса здоровья наземных животных МЭБ"
ФС-АРэ-7/4085-3,"корма и кормовые добавки для птиц (за исключением кормов и кормовых добавок растительного происхождения, химического и микробиологического синтеза)"
ФС-АРэ-7/4085-3,"бывшее в употреблении оборудование для содержания, убоя и разделки птиц"
ФС-АРэ-7/4086-3,живая птица и инкубационное яйцо
ФС-АРэ-7/4086-3,"мясо птицы, готовая мясная продукция из  птицы и всех видов птицеводческой продукции, содержащей в своем составе  продукты переработки птицы, за исключением товаров подверженных обработке, обеспечивающей разрушение вирусов гриппа птиц, согласно положениям Кодекса здоровья наземных животных МЭБ"
ФС-АРэ-7/4086-3,"корма и кормовые добавки для птиц (за исключением кормов и кормовых добавок растительного происхождения, химического и микробиологического синтеза)"
ФС-АРэ-7/4086-3,"бывшее в употреблении оборудование для содержания, убоя и разделки птиц"
ФС-АРэ-7/4097-3,живая птица и инкубационное яйцо
ФС-АРэ-7/4097-3,"мясо птицы, готовая мясная продукция из птицы и всех видов птицеводческой продукции, содержащей в своем составе продукты переработки птицы, за исключением товаров подверженных обработке, обеспечивающей разрушение вирусов гриппа птиц, согласно положениям Кодекса здоровья наземных животных МЭБ"
ФС-АРэ-7/4097-3,"корма и кормовые добавки для птиц (за исключением кормов и кормовых добавок растительного происхождения, химического и микробиологического синтеза)"
ФС-АРэ-7/4097-3,"бывшее в употреблении оборудование для содержания, убоя и разделки птиц"
ФС-АРэ-7/4098-3,живая птица и инкубационное яйцо
ФС-АРэ-7/4098-3,"мясо птицы, готовая мясная продукция из птицы и всех видов птицеводческой продукции, содержащей в своем составе продукты переработки птицы, за исключением товаров подверженных обработке, обеспечивающей разрушение вирусов гриппа птиц, согласно положениям Кодекса здоровья наземных животных МЭБ"
ФС-АРэ-7/4098-3,"корма и кормовые добавки для птиц (за исключением кормов и кормовых добавок растительного происхождения, химического и микробиологического синтеза)"
ФС-АРэ-7/4098-3,"бывшее в употреблении оборудование для содержания, убоя и разделки птиц"
ФС-АРэ-7/4099-3,живая птица и инкубационное яйцо
ФС-АРэ-7/4099-3,"мясо птицы, готовая мясная продукция из птицы и всех видов птицеводческой продукции, содержащей в своем составе продукты переработки птицы, за исключением товаров подверженных обработке, обеспечивающей разрушение вирусов гриппа птиц, согласно положениям Кодекса здоровья наземных животных МЭБ"
ФС-АРэ-7/4099-3,"корма и кормовые добавки для птиц (за исключением кормов и кормовых добавок растительного происхождения, химического и микробиологического синтеза)"
ФС-АРэ-7/4099-3,"бывшее в употреблении оборудование для содержания, убоя и разделки птиц"
ФС-АРэ-7/4117-3,живая птица и инкубационное яйцо
ФС-АРэ-7/4117-3,"мясо птицы, готовая мясная продукция из птицы и всех видов птицеводческой продукции, содержащей в своем составе продукты переработки птицы, за исключением товаров подверженных обработке, обеспечивающей разрушение вирусов гриппа птиц, согласно положениям Кодекса здоровья наземных животных МЭБ"
ФС-АРэ-7/4117-3,"корма и кормовые добавки для птиц (за исключением кормов и кормовых добавок, подверженных обработке согласно статьям 10.4.2 и 10.4.19 Кодекса здоровья наземных животных МЭБ)"
ФС-АРэ-7/4117-3,"бывшее в употреблении оборудование для содержания, убоя и"
ФС-АРэ-7/4122-3,живая птица и инкубационное яйцо
ФС-АРэ-7/4122-3,"мясо птицы, готовая мясная продукция из птицы и всех видов птицеводческой продукции, содержащей в своем составе продукты переработки птицы, за исключением товаров подверженных обработке, обеспечивающей разрушение вирусов гриппа птиц, согласно положениям Кодекса здоровья наземных животных МЭБ"
ФС-АРэ-7/4122-3,"корма и кормовые добавки для птиц (за исключением кормов и кормовых добавок, подверженных обработке согласно статьям 10.4.2 и 10.4.19 Кодекса здоровья наземных животных МЭБ)"
ФС-АРэ-7/4122-3,"бывшее в употреблении оборудование для содержания, убоя и"
ФС-АРэ-7/4184-3,живая птица и инкубационное яйцо
ФС-АРэ-7/4184-3,"мясо птицы, готовая мясная продукция из  птицы и всех видов птицеводческой продукции, содержащей в своем составе  продукты переработки птицы, за исключением товаров подверженных обработке,  обеспечивающей разрушение вирусов гриппа птиц, согласно положениям Кодекса  здоровья наземных животных МЭБ"
ФС-АРэ-7/4184-3,"корма и кормовые добавки для птиц (за  исключением кормов и кормовых добавок, подверженных обработке согласно  статьям 10.4.2 и 10.4.19 Кодекса здоровья наземных животных МЭБ)"
ФС-АРэ-7/4184-3,"бывшее в  употреблении оборудование для содержания, уб"
ФС-АРэ-7/4190-3,восприимчивых к ящуру живых животных
ФС-АРэ-7/4190-3,"генетического материала (за исключением отобранных in vivo, в соответствии с положениями главы 8.8.17 Кодекса МЭБ)"
ФС-АРэ-7/4190-3,"сырого мяса и мясопродукции, не подвергнутой тепловой обработке, гарантирующей разрушение вируса ящура (в соответствии со статьей 8.8.31 кодекса МЭБ). молока и молочной продукции (не подвергнутых тепловой обработке, гарантирующей разрушение вируса ящура (в соответствии со статьей 8.8.35 Кодекса МЭБ)"
ФС-АРэ-7/4190-3,"шерсти, волос, щетины, трофеев, кишечного сырья, шкур и кожи, не обработанных по технологии, гарантирующей разрушен"
ФС-АРэ-7/4188-3,"восприимчивых к ящуру живых животных, включая животных-компаньонов, а также диких, цирковых и зоопарковых животных"
ФС-АРэ-7/4188-3,"генетического материала (за исключением отобранных in vivo, в соответствии с положениями главы 8.8.17 Кодекса МЭБ)"
ФС-АРэ-7/4188-3,"сырого мяса и мясопродукции, не подвергнутой тепловой обработке, гарантирующей разрушение вируса ящура (в соответствии со статьей 8.8.31 Кодекса МЭБ)"
ФС-АРэ-7/4188-3,"молока и молочной продукции, не подвергнутых тепловой обработке, гарантирующей разрушение вируса ящура (в соответствии со статьей 8.8.35 Кодекса МЭБ)"
ФС-АРэ-7/4188-3,"шерсти, волос, щетины, трофе"
ФС-АРэ-7/4192-3,живая птица и инкубационное яйцо
ФС-АРэ-7/4192-3,"мясо птицы, готовая мясная продукция из птицы и всех видов птицеводческой продукции, содержащей в своем составе продукты переработки птицы, за исключением товаров подверженных обработке, обеспечивающей разрушение вирусов гриппа птиц, согласно положениям Кодекса здоровья наземных животных МЭБ"
ФС-АРэ-7/4192-3,"корма и кормовые добавки для птиц (за исключением кормов и кормовых добавок, подверженных обработке согласно статьям 10.4.2 и 10.4.19 Кодекса здоровья наземных животных МЭБ)"
ФС-АРэ-7/4192-3,"бывшее в употреблении оборудование для содержания, убоя и"
ФС-АРэ-7/4195-3,восприимчивых к ящуру живых животных
ФС-АРэ-7/4195-3,"генетического материала (за исключением отобранных in vivo, в соответствии с положениями главы 8.8.17 Кодекса МЭБ)"
ФС-АРэ-7/4195-3,"сырого мяса и мясопродукции, не подвергнутой тепловой обработке, гарантирующей разрушение вируса ящура (в соответствии со статьей 8.8.31 кодекса МЭБ). молока и молочной продукции (не подвергнутых тепловой обработке, гарантирующей разрушение вируса ящура (в соответствии со статьей 8.8.35 Кодекса МЭБ)"
ФС-АРэ-7/4195-3,"шерсти, волос, щетины, трофеев, кишечного сырья, шкур и кожи, не обработанных по технологии, гарантирующей разрушен"
ФС-АРэ-7/4197-3,"диких свиней, домашних свиней, спермы домашних свиней, полученных in vivo эмбрионов домашних свиней, продуктов убоя свиней, отходов и навоза от свиней, бывшего в употреблении оборудования для содержания, убоя и разделки, охотничьих трофеев, а также продукции, содержащей свинину, за исключением следующих видов продукции, прошедших обработку по технологии, гарантирующей разрушение вируса АЧС в соответствии с положениями Главы 15.1 Кодекса здоровья наземных животных МЭБ: готовой продукции из свинины"
ФС-АРэ-7/4197-3,"готовой продукции, содержащей в своем составе свинину или"
ФС-АРэ-7/4203-3,живая птица и инкубационное яйцо
ФС-АРэ-7/4203-3,"мясо птицы, готовая мясная продукция из птицы и всех видов птицеводческой продукции, содержащей в своем составе продукты переработки птицы, за исключением товаров подверженных обработке, обеспечивающей разрушение вирусов гриппа птиц, согласно положениям Кодекса здоровья наземных животных МЭБ"
ФС-АРэ-7/4203-3,"корма и кормовые добавки для птиц (за исключением кормов и кормовых добавок, подверженных обработке согласно статьям 10.4.2 и 10.4.19 Кодекса здоровья наземных животных МЭБ)"
ФС-АРэ-7/4203-3,"бывшее в употреблении оборудование для содержания, убоя и"
ФС-АРэ-7/4205-3,живая птица и инкубационное яйцо
ФС-АРэ-7/4205-3,"мясо птицы, готовая мясная продукция из птицы и всех видов птицеводческой продукции, содержащей в своем составе продукты переработки птицы, за исключением товаров подверженных обработке, обеспечивающей разрушение вирусов гриппа птиц, согласно положениям Кодекса здоровья наземных животных МЭБ"
ФС-АРэ-7/4205-3,"корма и кормовые добавки для птиц (за исключением кормов и кормовых добавок, подверженных обработке согласно статьям 10.4.2 и 10.4.19 Кодекса здоровья наземных животных МЭБ)"
ФС-АРэ-7/4205-3,"бывшее в употреблении оборудование для содержания, убоя и"
ФС-АРэ-7/4204-3,живая птица и инкубационное яйцо
ФС-АРэ-7/4204-3,"мясо птицы, готовая мясная продукция из птицы и всех видов птицеводческой продукции, содержащей в своем составе продукты переработки птицы, за исключением товаров подверженных обработке, обеспечивающей разрушение вирусов гриппа птиц, согласно положениям Кодекса здоровья наземных животных МЭБ"
ФС-АРэ-7/4204-3,"корма и кормовые добавки для птиц (за исключением кормов и кормовых добавок растительного происхождения, химического и микробиологического синтеза)"
ФС-АРэ-7/4204-3,"бывшее в употреблении оборудование для содержания, убоя и разделки птиц"
ФС-АРэ-7/4223-3,живая птица и инкубационное яйцо
ФС-АРэ-7/4223-3,"мясо птицы, готовая мясная продукция из птицы и всех видов птицеводческой продукции, содержащей в своем составе продукты переработки птицы, за исключением товаров подверженных обработке, обеспечивающей разрушение вирусов гриппа птиц, согласно положениям Кодекса здоровья наземных животных МЭБ"
ФС-АРэ-7/4223-3,"корма и кормовые добавки для птиц (за исключением кормов и кормовых добавок, подверженных обработке согласно статьям 10.4.2 и 10.4.19 Кодекса здоровья наземных животных МЭБ)"
ФС-АРэ-7/4223-3,бывшее в употреблении оборудование для содерж
ФС-АРэ-7/4238-3,живая птица и инкубационное яйцо
ФС-АРэ-7/4238-3,"мясо птицы, готовая мясная продукция из птицы и все виды птицеводческой продукции, содержащей в своем составе продукты переработки птицы, за исключением товаров подверженных обработке, обеспечивающей разрушение вирусов гриппа птиц, согласно положениям Кодекса здоровья наземных животных МЭБ"
ФС-АРэ-7/4238-3,"корма и кормовые добавки для птиц (за исключением кормов и кормовых добавок растительного происхождения, химического и микробиологического синтеза, кормов и кормовых добавок, подверженных обработке согласно статьям 10.4.2 и 10.4.19 К"
ФС-АРэ-7/4240-3,живая птица и инкубационное яйцо
ФС-АРэ-7/4240-3,"мясо птицы, готовая мясная продукция из птицы и всех видов птицеводческой продукции, содержащей в своем составе продукты переработки птицы, за исключением товаров подверженных обработке, обеспечивающей разрушение вирусов гриппа птиц, согласно положениям Кодекса здоровья наземных животных МЭБ"
ФС-АРэ-7/4240-3,"корма и кормовые добавки для птиц (за исключением кормов и кормовых добавок растительного происхождения, химического и микробиологического синтеза)"
ФС-АРэ-7/4240-3,"бывшее в употреблении оборудование для содержания, убоя и разделки птиц"
ФС-АРэ-7/4260-3,"инкубационное яйцо, суточные цыплята"
ФС-АРэ-7/4261-3,Инкубационное яйцо и суточные цыплята
ФС-АРэ-7/4262-3,Инкубационное яйцо и суточные цыплята
ФС-АРэ-7/4263-3,живая птица и инкубационное яйцо
ФС-АРэ-7/4263-3,"мясо птицы, готовая мясная продукция из птицы и всех видов птицеводческой продукции, содержащей в своем составе продукты переработки птицы, за исключением товаров подверженных обработке, обеспечивающей разрушение вирусов гриппа птиц, согласно положениям Кодекса здоровья наземных животных МЭБ"
ФС-АРэ-7/4263-3,"корма и кормовые добавки для птиц (за исключением кормов и кормовых добавок растительного происхождения, химического и микробиологического синтеза)"
ФС-АРэ-7/4263-3,"бывшее в употреблении оборудование для содержания, убоя и разделки птиц"
ФС-АРэ-7/4264-3,инкубационное яйцо и суточные цыплята
ФС-АРэ-7/4289-3,живая птица и инкубационное яйцо
ФС-АРэ-7/4289-3,"мясо птицы, готовая мясная продукция из птицы и все виды птицеводческой продукции, содержащей в своем составе продукты переработки птицы, за исключением товаров подверженных обработке, обеспечивающей разрушение вирусов гриппа птиц, согласно положениям Кодекса здоровья наземных животных МЭБ"
ФС-АРэ-7/4289-3,"корма и кормовые добавки для птиц (за исключением кормов и кормовых добавок растительного происхождения, химического и микробиологического синтеза, кормов и кормовых добавок, подверженных обработке согласно статьям 10.4.2 и 10.4.19 К"
ФС-АРэ-7/4305-3,живая птица и инкубационное яйцо
ФС-АРэ-7/4305-3,"мясо птицы, готовая мясная продукция из птицы и всех видов птицеводческой продукции, содержащей в своем составе продукты переработки птицы, за исключением товаров подверженных обработке, обеспечивающей разрушение вирусов гриппа птиц, согласно положениям Кодекса здоровья наземных животных МЭБ"
ФС-АРэ-7/4305-3,"корма и кормовые добавки для птиц (за исключением кормов и кормовых добавок растительного происхождения, химического и микробиологического синтеза)"
ФС-АРэ-7/4305-3,"бывшее в употреблении оборудование для содержания, убоя и разделки птиц"
ФС-АРэ-7/4319-3,живая птица и инкубационное яйцо
ФС-АРэ-7/4319-3,"мясо птицы, готовая мясная продукция из птицы и все виды птицеводческой продукции, содержащей в своем составе продукты переработки птицы, за исключением товаров подверженных обработке, обеспечивающей разрушение вирусов гриппа птиц, согласно положениям Кодекса здоровья наземных животных МЭБ"
ФС-АРэ-7/4319-3,"корма и кормовые добавки для птиц (за исключением кормов и кормовых добавок растительного происхождения, химического и микробиологического синтеза, кормов и кормовых добавок, подверженных обработке согласно статьям 10.4.2 и 10.4.19 К"
ФС-АРэ-7/4323-3,живая птица и инкубационное яйцо
ФС-АРэ-7/4323-3,"мясо птицы, готовая мясная продукция из птицы и всех видов птицеводческой продукции, содержащей в своем составе продукты переработки птицы, за исключением товаров подверженных обработке, обеспечивающей разрушение вирусов гриппа птиц, согласно положениям Кодекса здоровья наземных животных МЭБ"
ФС-АРэ-7/4323-3,"корма и кормовые добавки для птиц (за исключением кормов и кормовых добавок растительного происхождения, химического и микробиологического синтеза)"
ФС-АРэ-7/4323-3,"бывшее в употреблении оборудование для содержания, убоя и разделки птиц"
ФС-АРэ-7/4341-3,восприимчивые к нодулярному дерматиту животные (в том числе крупный рогатый скот)
ФС-АРэ-7/4341-3,"продукция полученная от восприимчивых к нодулярному дерматиту видов животных (в том числе от крупного рогатого скота), без надлежащей обработки, обеспечивающей разрушение вируса нодулярного дерматита, необработанное кожевенное сырьё, полученное от убоя восприимчивых к нодулярному дерматиту видов животных (в том числе полученное от убойного крупного рогатого скота), генетический материал от восприимчивых к нодулярному дерматиту видов животных (в том числе от крупного"
ФС-АРэ-7/4342-3,живая птица и инкубационное яйцо
ФС-АРэ-7/4342-3,"мясо птицы, готовая мясная продукция из птицы и всех видов птицеводческой продукции, содержащей в своем составе продукты переработки птицы, за исключением товаров, подверженных обработке, обеспечивающей разрушение вирусов гриппа птиц, согласно положениям Кодекса здоровья наземных животных МЭБ"
ФС-АРэ-7/4342-3,"корма и кормовые добавки для птиц (за исключением кормов и кормовых добавок, подверженных обработке согласно статьям 10.4.2 и 10.4.19 Кодекса здоровья наземных животных МЭБ)"
ФС-АРэ-7/4342-3,"бывшее в употреблении оборудование для содержания, убоя и"
ФС-АРэ-7/4344-3,живая птица и инкубационное яйцо
ФС-АРэ-7/4344-3,"мясо птицы, готовая мясная продукция из птицы и все виды птицеводческой продукции, содержащей в своем составе продукты переработки птицы, за исключением товаров подверженных обработке, обеспечивающей разрушение вирусов гриппа птиц, согласно положениям Кодекса здоровья наземных животных МЭБ"
ФС-АРэ-7/4344-3,"корма и кормовые добавки для птиц (за исключением кормов и кормовых добавок растительного происхождения, химического и микробиологического синтеза, кормов и кормовых добавок, подверженных обработке согласно статьям 10.4.2 и 10.4.19 К"
ФС-АРэ-7/4348-3,живая птица и инкубационное яйцо
ФС-АРэ-7/4348-3,"мясо птицы, готовая мясная продукция из птицы и всех видов птицеводческой продукции, содержащей в своем составе продукты переработки птицы, за исключением товаров подверженных обработке, обеспечивающей разрушение вирусов гриппа птиц, согласно положениям Кодекса здоровья наземных животных МЭБ"
ФС-АРэ-7/4348-3,"корма и кормовые добавки для птиц (за исключением кормов и кормовых добавок растительного происхождения, химического и микробиологического синтеза)"
ФС-АРэ-7/4348-3,"бывшее в употреблении оборудование для содержания, убоя и разделки птиц"
ФС-АРэ-7/4355-3,живая птица и инкубационное яйцо
ФС-АРэ-7/4355-3,"мясо птицы, готовая мясная продукция из птицы и все виды птицеводческой продукции, содержащей в своем составе продукты переработки птицы, за исключением товаров подверженных обработке, обеспечивающей разрушение вирусов гриппа птиц, согласно положениям Кодекса здоровья наземных животных МЭБ"
ФС-АРэ-7/4355-3,"корма и кормовые добавки для птиц (за исключением кормов и кормовых добавок растительного происхождения, химического и микробиологического синтеза, кормов и кормовых добавок, подверженных обработке согласно статьям 10.4.2 и 10.4.19 К"
ФС-АРэ-7/4354-3,"крупного и мелкого рогатого скота, диких, зоопарковых и цирковых животных, восприимчивых к блютангу, верблюдов и других представителей семейства верблюжьих (ламы, альпаки, викуньи), спермы быков, баранов и козлов-производителей, эмбрионов крупного и мелкого рогатого скота, за исключением полученных in vivo в соответствии с положениями главы 4.7. Кодекса здоровья наземных животных МЭБ"
ФС-АРэ-7/4352-3,Инкубационное яйцо и суточные цыплята
ФС-АРэ-7/4363-3,живой птицы и инкубационного яйца
ФС-АРэ-7/4363-3,"мяса птицы и всех видов птицеводческой продукции не прошедших тепловую обработку (не менее 70ºС), за исключением товаров, подверженных обработке, обеспечивающей разрушение вирусов гриппа птиц, согласно положениям статьи 10.4.19, 10.4.20,10.4.21, 10.4.22, 10.4.23, 10.4.24, 10.4.25 Кодекса здоровья наземных животных МЭБ"
ФС-АРэ-7/4363-3,"кормов и кормовых добавок для птиц (за исключением кормовых добавок растительного происхождения, химического и микробиологического синтеза), а также бывшего в употреблении оборудования для содержания, убоя и разделки птиц"
ФС-АРэ-7/4374-3,живая птица и инкубационное яйцо
ФС-АРэ-7/4374-3,"мясо птицы, готовая мясная продукция из птицы и всех видов птицеводческой продукции, содержащей в своем составе продукты переработки птицы, за исключением товаров подверженных обработке, обеспечивающей разрушение вирусов гриппа птиц, согласно положениям Кодекса здоровья наземных животных МЭБ"
ФС-АРэ-7/4374-3,"корма и кормовые добавки для птиц (за исключением кормов и кормовых добавок растительного происхождения, химического и микробиологического синтеза)"
ФС-АРэ-7/4374-3,"бывшее в употреблении оборудование для содержания, убоя и разделки птиц"
ФС-АРэ-7/4381-3,живая птица и инкубационное яйцо
ФС-АРэ-7/4381-3,"мясо птицы, готовая мясная продукция из птицы и все виды птицеводческой продукции, содержащей в своем составе продукты переработки птицы, за исключением товаров подверженных обработке, обеспечивающей разрушение вирусов гриппа птиц, согласно положениям Кодекса здоровья наземных животных МЭБ"
ФС-АРэ-7/4381-3,"корма и кормовые добавки для птиц (за исключением кормов и кормовых добавок растительного происхождения, химического и микробиологического синтеза, кормов и кормовых добавок, подверженных обработке согласно статьям 10.4.2 и 10.4.19 К"
ФС-АРэ-7/4395-3,живая птица и инкубационное яйцо
ФС-АРэ-7/4395-3,"мясо птицы, готовая мясная продукция из птицы и все виды птицеводческой продукции, содержащей в своем составе продукты переработки птицы, за исключением товаров подверженных обработке, обеспечивающей разрушение вирусов гриппа птиц, согласно положениям Кодекса здоровья наземных животных МЭБ"
ФС-АРэ-7/4395-3,"корма и кормовые добавки для птиц (за исключением кормов и кормовых добавок растительного происхождения, химического и микробиологического синтеза, кормов и кормовых добавок, подверженных обработке согласно статьям 10.4.2 и 10.4.19 К"
ФС-АРэ-7/4420-3,живая птица и инкубационное яйцо
ФС-АРэ-7/4420-3,"мясо птицы, готовая мясная продукция из птицы и все виды птицеводческой продукции, содержащей в своем составе продукты переработки птицы, за исключением товаров подверженных обработке, обеспечивающей разрушение вирусов гриппа птиц, согласно положениям Кодекса здоровья наземных животных МЭБ"
ФС-АРэ-7/4420-3,"корма и кормовые добавки для птиц (за исключением кормов и кормовых добавок растительного происхождения, химического и микробиологического синтеза, кормов и кормовых добавок, подверженных обработке согласно статьям 10.4.2 и 10.4.19 К"
ФС-АРэ-7/4422-3,живая птица и инкубационное яйцо
ФС-АРэ-7/4422-3,"мясо птицы, готовая мясная продукция из птицы и все виды птицеводческой продукции, содержащей в своем составе продукты переработки птицы, за исключением товаров подверженных обработке, обеспечивающей разрушение вирусов гриппа птиц, согласно положениям Кодекса здоровья наземных животных МЭБ"
ФС-АРэ-7/4422-3,"корма и кормовые добавки для птиц (за исключением кормов и кормовых добавок растительного происхождения, химического и микробиологического синтеза, кормов и кормовых добавок, подверженных обработке согласно статьям 10.4.2 и 10.4.19 К"
ФС-АРэ-7/4429-3,живая птица и инкубационное яйцо
ФС-АРэ-7/4429-3,"мясо птицы, готовая мясная продукция из птицы и всех видов птицеводческой продукции, содержащей в своем составе продукты переработки птицы, за исключением товаров подверженных обработке, обеспечивающей разрушение вирусов гриппа птиц, согласно положениям Кодекса здоровья наземных животных МЭБ"
ФС-АРэ-7/4429-3,"корма и кормовые добавки для птиц (за исключением кормов и кормовых добавок растительного происхождения, химического и микробиологического синтеза)"
ФС-АРэ-7/4429-3,"бывшее в употреблении оборудование для содержания, убоя и разделки птиц"
ФС-АРэ-7/4437-3,живая птица и инкубационное яйцо
ФС-АРэ-7/4437-3,"мясо птицы, готовая мясная продукция из птицы и всех видов птицеводческой продукции, содержащей в своем составе продукты переработки птицы, за исключением товаров подверженных обработке, обеспечивающей разрушение вирусов гриппа птиц, согласно положениям Кодекса здоровья наземных животных МЭБ"
ФС-АРэ-7/4437-3,"корма и кормовые добавки для птиц (за исключением кормов и кормовых добавок растительного происхождения, химического и микробиологического синтеза)"
ФС-АРэ-7/4437-3,"бывшее в употреблении оборудование для содержания, убоя и разделки птиц"
ФС-АРэ-7/4438-3,"диких свиней, домашних свиней, спермы домашних свиней, полученных in vivo эмбрионов домашних свиней, продуктов убоя свиней, отходов и навоза от свиней, бывшего в употреблении оборудования для содержания, убоя и разделки, охотничьих трофеев, а также продукции, содержащей свинину, за исключением следующих видов продукции, прошедших обработку по технологии, гарантирующей разрушение вируса АЧС в соответствии с положениями Главы 15.1 Кодекса здоровья наземных животных МЭБ: готовой продукции из свинины"
ФС-АРэ-7/4438-3,"готовой продукции, содержащей в своем составе свинину или"
ФС-АРэ-7/4439-3,восприимчивых к ящуру живых животных
ФС-АРэ-7/4439-3,"генетического материала (за исключением отобранных in vivo, в соответствии с положениями главы 8.8.17 Кодекса МЭБ)"
ФС-АРэ-7/4439-3,"сырого мяса и мясопродукции, не подвергнутой тепловой обработке, гарантирующей разрушение вируса ящура (в соответствии со статьей 8.8.31 кодекса МЭБ). молока и молочной продукции (не подвергнутых тепловой обработке, гарантирующей разрушение вируса ящура (в соответствии со статьей 8.8.35 Кодекса МЭБ)"
ФС-АРэ-7/4439-3,"шерсти, волос, щетины, трофеев, кишечного сырья, шкур и кожи, не обработанных по технологии, гарантирующей разрушен"
ФС-АРэ-7/4440-3,живая птица и инкубационное яйцо
ФС-АРэ-7/4440-3,"мясо птицы, готовая мясная продукция из птицы и все виды птицеводческой продукции, содержащей в своем составе продукты переработки птицы, за исключением товаров подверженных обработке, обеспечивающей разрушение вирусов гриппа птиц, согласно положениям Кодекса здоровья наземных животных МЭБ"
ФС-АРэ-7/4440-3,"корма и кормовые добавки для птиц (за исключением кормов и кормовых добавок растительного происхождения, химического и микробиологического синтеза, кормов и кормовых добавок, подверженных обработке согласно статьям 10.4.2 и 10.4.19 К"
ФС-АРэ-7/4454-3,живая птица и инкубационное яйцо
ФС-АРэ-7/4454-3,"мясо птицы, готовая мясная продукция из птицы и все виды птицеводческой продукции, содержащей в своем составе продукты переработки птицы, за исключением товаров подверженных обработке, обеспечивающей разрушение вирусов гриппа птиц, согласно положениям Кодекса здоровья наземных животных МЭБ"
ФС-АРэ-7/4454-3,"корма и кормовые добавки для птиц (за исключением кормов и кормовых добавок растительного происхождения, химического и микробиологического синтеза, кормов и кормовых добавок, подверженных обработке согласно статьям 10.4.2 и 10.4.19 К"
ФС-АРэ-7/4455-3,живая птица и инкубационное яйцо
ФС-АРэ-7/4455-3,"мясо птицы,  готовая мясная продукция из птицы и все виды птицеводческой продукции,  содержащей в своем составе продукты переработки птицы, за исключением  товаров подверженных обработке, обеспечивающей разрушение вирусов  гриппа птиц, согласно положениям Кодекса здоровья наземных животных  МЭБ"
ФС-АРэ-7/4455-3,"корма и кормовые добавки для птиц (за исключением кормов и кормовых  добавок растительного происхождения, химического и микробиологического  синтеза, кормов и кормовых добавок, подверженных обработке согласно  статьям 10.4.2 и 10"
ФС-АРэ-7/4466-3,живая птица и инкубационное яйцо
ФС-АРэ-7/4466-3,"мясо птицы, готовая мясная продукция из птицы и всех видов птицеводческой продукции, содержащей в своем составе продукты переработки птицы, за исключением товаров подверженных обработке, обеспечивающей разрушение вирусов гриппа птиц, согласно положениям Кодекса здоровья наземных животных МЭБ"
ФС-АРэ-7/4466-3,"корма и кормовые добавки для птиц (за исключением кормов и кормовых добавок растительного происхождения, химического и микробиологического синтеза)"
ФС-АРэ-7/4466-3,"бывшее в употреблении оборудование для содержания, убоя и разделки птиц"
ФС-АРэ-7/4477-3,живая птица и инкубационное яйцо
ФС-АРэ-7/4477-3,"мясо птицы, готовая мясная продукция из птицы и все виды птицеводческой продукции, содержащей в своем составе продукты переработки птицы, за исключением товаров подверженных обработке, обеспечивающей разрушение вирусов гриппа птиц, согласно положениям Кодекса здоровья наземных животных МЭБ"
ФС-АРэ-7/4477-3,"корма и кормовые добавки для птиц (за исключением кормов и кормовых добавок растительного происхождения, химического и микробиологического синтеза, кормов и кормовых добавок, подверженных обработке согласно статьям 10.4.2 и 10.4.19 К"
ФС-АРэ-7/4478-3,живая птица и инкубационное яйцо
ФС-АРэ-7/4478-3,"мясо птицы, готовая мясная продукция из птицы и все виды птицеводческой продукции, содержащей в своем составе продукты переработки птицы, за исключением товаров подверженных обработке, обеспечивающей разрушение вирусов гриппа птиц, согласно положениям Кодекса здоровья наземных животных МЭБ"
ФС-АРэ-7/4478-3,"корма и кормовые добавки для птиц (за исключением кормов и кормовых добавок растительного происхождения, химического и микробиологического синтеза, кормов и кормовых добавок, подверженных обработке согласно статьям 10.4.2 и 10.4.19 К"
ФС-АРэ-7/4486-3,живая птица и инкубационное яйцо
ФС-АРэ-7/4486-3,"мясо птицы, готовая мясная продукция из птицы и все виды птицеводческой продукции, содержащей в своем составе продукты переработки птицы, за исключением товаров подверженных обработке,  обеспечивающей разрушение вирусов гриппа птиц, согласно  положениям Кодекса здоровья наземных животных МЭБ"
ФС-АРэ-7/4486-3,"корма и кормовые добавки для птиц (за исключением кормов и кормовых добавок растительного происхождения, химического и микробиологического синтеза)"
ФС-АРэ-7/4486-3,"бывшее в употреблении оборудование для содержания, убоя и разделки птиц"
ФС-АРэ-7/4498-3,"диких свиней, домашних свиней, спермы домашних свиней, полученных in vivo эмбрионов домашних свиней, продуктов убоя свиней, отходов и навоза от свиней, бывшего в употреблении оборудования для содержания, убоя и разделки, охотничьих трофеев, а также продукции, содержащей свинину, за исключением следующих видов продукции, прошедших обработку по технологии, гарантирующей разрушение вируса АЧС в соответствии с положениями Главы 15.1 Кодекса здоровья наземных животных МЭБ: готовой продукции из свинины"
ФС-АРэ-7/4498-3,"готовой продукции, содержащей в своем составе свинину или"
ФС-АРэ-7/4501-3,Инкубационное яйцо и суточные птенцы
ФС-АРэ-7/4519-3,живая птица и инкубационное яйцо
ФС-АРэ-7/4519-3,"мясо птицы, готовая мясная продукция из птицы и все виды птицеводческой продукции, содержащей в своем составе продукты переработки птицы, за исключением товаров подверженных обработке, обеспечивающей разрушение вирусов гриппа птиц, согласно положениям Кодекса здоровья наземных животных МЭБ"
ФС-АРэ-7/4519-3,"корма и кормовые добавки для птиц (за исключением кормов и кормовых добавок растительного происхождения, химического и микробиологического синтеза, кормов и кормовых добавок, подверженных обработке согласно статьям 10.4.2 и 10.4.19 К"
ФС-АРэ-7/4522-3,живой птицы и инкубационного яйца
ФС-АРэ-7/4522-3,"мяса птицы и всех видов птицеводческой продукции не прошедших тепловую обработку (не менее 70ºС), за исключением товаров, подверженных обработке, обеспечивающей разрушение вирусов гриппа птиц, согласно положениям статьи 10.4.19, 10.4.20,10.4.21, 10.4.22, 10.4.23, 10.4.24, 10.4.25 Кодекса здоровья наземных животных МЭБ"
ФС-АРэ-7/4522-3,"кормов и кормовых добавок для птиц (за исключением кормовых добавок растительного происхождения, химического и микробиологического синтеза), а также бывшего в употреблении оборудования для содержания, убоя и разделки птиц"
ФС-АРэ-7/4530-3,восприимчивых к ящуру живых животных
ФС-АРэ-7/4530-3,"генетического материала (за исключением отобранных in vivo, в соответствии с положениями главы 8.8.17 Кодекса МЭБ)"
ФС-АРэ-7/4530-3,"сырого мяса и мясопродукции, не подвергнутой тепловой обработке, гарантирующей разрушение вируса ящура (в соответствии со статьей 8.8.31 кодекса МЭБ). молока и молочной продукции (не подвергнутых тепловой обработке, гарантирующей разрушение вируса ящура (в соответствии со статьей 8.8.35 Кодекса МЭБ)"
ФС-АРэ-7/4530-3,"шерсти, волос, щетины, трофеев, кишечного сырья, шкур и кожи, не обработанных по технологии, гарантирующей разрушен"
ФС-АРэ-7/4541-3,живой птицы и инкубационного яйца
ФС-АРэ-7/4541-3,"мяса птицы и всех видов птицеводческой продукции не прошедших тепловую обработку (не менее 70ºС), за исключением товаров, подверженных обработке, обеспечивающей разрушение вирусов гриппа птиц, согласно положениям статьи 10.4.19, 10.4.20,10.4.21, 10.4.22, 10.4.23, 10.4.24, 10.4.25 Кодекса здоровья наземных животных МЭБ"
ФС-АРэ-7/4541-3,"кормов и кормовых добавок для птиц (за исключением кормовых добавок растительного происхождения, химического и микробиологического синтеза), а также бывшего в употреблении оборудования для содержания, убоя и разделки птиц"
